collected_at_utc,weather_time_kst,location,latitude,longitude,temperature_2m,relative_humidity_2m,apparent_temperature,precipitation,rain,showers,snowfall,weather_code,cloud_cover,wind_speed_10m,wind_direction_10m,wind_gusts_10m
2026-08-27T01:28:44+00:00,2026-08-27T10:15,진주시,35.2,128.125,29.5,78,36.3,0.0,0.0,0.0,0.0,1,38,1.1,162,23.0
2026-08-27T01:28:45+00:00,2026-08-27T10:15,대구광역시,35.85,128.625,27.6,86,34.1,0.0,0.0,0.0,0.0,2,65,1.8,143,15.5
2026-08-27T02:10:49+00:00,2026-08-27T11:00,진주시,35.2,128.125,30.2,78,37.2,0.0,0.0,0.0,0.0,1,36,2.3,162,23.8
2026-08-27T02:10:50+00:00,2026-08-27T11:00,대구광역시,35.85,128.625,28.7,81,35.2,0.0,0.0,0.0,0.0,2,76,2.6,124,12.6
2026-08-28T21:13:17+00:00,2026-08-29T06:00,진주시,35.2,128.125,25.1,97,30.7,0.0,0.0,0.0,0.0,1,30,6.7,196,19.4
2026-08-28T21:13:18+00:00,2026-08-29T06:00,대구광역시,35.85,128.625,23.7,99,29.0,0.0,0.0,0.0,0.0,1,42,3.2,360,12.6
2026-08-28T23:06:46+00:00,2026-08-29T08:00,진주시,35.2,128.125,26.7,95,32.8,0.0,0.0,0.0,0.0,1,35,8.3,214,17.6
2026-08-28T23:06:46+00:00,2026-08-29T08:00,대구광역시,35.85,128.625,24.9,97,31.0,0.0,0.0,0.0,0.0,1,45,1.8,323,20.5
2026-08-29T00:06:41+00:00,2026-08-29T09:00,진주시,35.2,128.125,28.5,86,34.5,0.0,0.0,0.0,0.0,0,19,9.9,224,21.2
2026-08-29T00:06:42+00:00,2026-08-29T09:00,대구광역시,35.85,128.625,26.7,90,33.1,0.0,0.0,0.0,0.0,1,43,1.8,307,27.7
2026-08-29T01:06:40+00:00,2026-08-29T10:00,진주시,35.2,128.125,29.7,81,35.6,0.0,0.0,0.0,0.0,1,37,10.7,228,30.2
2026-08-29T01:06:41+00:00,2026-08-29T10:00,대구광역시,35.85,128.625,28.7,79,34.6,0.0,0.0,0.0,0.0,1,34,4.4,279,30.6
2026-08-29T02:06:54+00:00,2026-08-29T11:00,진주시,35.2,128.125,30.3,78,36.1,0.0,0.0,0.0,0.0,2,64,11.6,216,34.2
2026-08-29T02:06:54+00:00,2026-08-29T11:00,대구광역시,35.85,128.625,30.0,74,35.7,0.0,0.0,0.0,0.0,1,35,6.5,264,31.3
2026-08-29T03:06:58+00:00,2026-08-29T12:00,진주시,35.2,128.125,30.8,77,36.5,0.0,0.0,0.0,0.0,1,40,13.1,212,36.4
2026-08-29T03:06:59+00:00,2026-08-29T12:00,대구광역시,35.85,128.625,30.3,72,35.9,0.0,0.0,0.0,0.0,1,46,6.6,261,29.9
2026-08-29T04:06:55+00:00,2026-08-29T13:00,진주시,35.2,128.125,31.2,76,36.9,0.0,0.0,0.0,0.0,1,21,14.8,209,41.0
2026-08-29T04:06:56+00:00,2026-08-29T13:00,대구광역시,35.85,128.625,30.7,71,36.4,0.0,0.0,0.0,0.0,1,49,6.6,257,28.1
2026-08-29T05:06:55+00:00,2026-08-29T14:00,진주시,35.2,128.125,31.6,75,37.2,0.0,0.0,0.0,0.0,1,27,16.7,217,43.6
2026-08-29T05:06:56+00:00,2026-08-29T14:00,대구광역시,35.85,128.625,28.8,86,35.8,0.1,0.1,0.0,0.0,51,40,3.8,311,23.4
2026-08-29T06:07:56+00:00,2026-08-29T15:00,진주시,35.2,128.125,30.7,78,36.2,0.1,0.1,0.0,0.0,51,32,14.6,220,43.2
2026-08-29T06:07:56+00:00,2026-08-29T15:00,대구광역시,35.85,128.625,29.3,83,36.2,0.0,0.0,0.0,0.0,2,70,4.3,312,19.1
2026-08-29T07:06:44+00:00,2026-08-29T16:00,진주시,35.2,128.125,29.2,86,35.4,0.1,0.1,0.0,0.0,51,32,11.3,217,38.9
2026-08-29T07:06:44+00:00,2026-08-29T16:00,대구광역시,35.85,128.625,27.2,95,34.5,0.7,0.7,0.0,0.0,63,77,2.8,320,20.9
2026-08-29T08:07:04+00:00,2026-08-29T17:00,진주시,35.2,128.125,29.7,82,35.3,0.0,0.0,0.0,0.0,1,22,14.4,217,34.9
2026-08-29T08:07:04+00:00,2026-08-29T17:00,대구광역시,35.85,128.625,27.5,94,34.9,0.3,0.3,0.0,0.0,55,40,2.2,270,23.4
2026-08-29T09:06:55+00:00,2026-08-29T18:00,진주시,35.2,128.125,29.2,84,35.0,0.0,0.0,0.0,0.0,1,23,12.2,225,31.3
2026-08-29T09:06:55+00:00,2026-08-29T18:00,대구광역시,35.85,128.625,27.4,95,34.9,0.1,0.1,0.0,0.0,51,36,1.8,323,22.0
2026-08-29T10:06:53+00:00,2026-08-29T19:00,진주시,35.2,128.125,28.1,88,34.2,0.0,0.0,0.0,0.0,1,28,8.4,220,27.4
2026-08-29T10:06:54+00:00,2026-08-29T19:00,대구광역시,35.85,128.625,26.9,96,34.1,0.0,0.0,0.0,0.0,1,44,2.1,149,15.1
2026-08-29T11:06:45+00:00,2026-08-29T20:00,진주시,35.2,128.125,27.3,93,33.8,0.0,0.0,0.0,0.0,1,36,6.3,211,26.6
2026-08-29T11:06:45+00:00,2026-08-29T20:00,대구광역시,35.85,128.625,26.7,94,33.3,0.0,0.0,0.0,0.0,1,43,3.5,246,14.8
2026-08-29T12:08:14+00:00,2026-08-29T21:00,진주시,35.2,128.125,26.7,95,33.3,0.0,0.0,0.0,0.0,1,31,5.3,208,14.0
2026-08-29T12:08:14+00:00,2026-08-29T21:00,대구광역시,35.85,128.625,26.2,95,32.7,0.0,0.0,0.0,0.0,1,44,3.1,249,13.7
2026-08-29T13:06:45+00:00,2026-08-29T22:00,진주시,35.2,128.125,26.0,96,32.2,0.0,0.0,0.0,0.0,1,25,5.8,202,4.7
2026-08-29T13:06:46+00:00,2026-08-29T22:00,대구광역시,35.85,128.625,25.8,97,32.3,0.0,0.0,0.0,0.0,1,44,2.6,254,9.7
2026-08-29T14:06:57+00:00,2026-08-29T23:00,진주시,35.2,128.125,25.5,97,31.4,0.0,0.0,0.0,0.0,1,26,5.5,203,6.8
2026-08-29T14:06:58+00:00,2026-08-29T23:00,대구광역시,35.85,128.625,25.3,98,31.6,0.0,0.0,0.0,0.0,1,41,2.7,293,9.0
2026-08-29T15:06:46+00:00,2026-08-30T00:00,진주시,35.2,128.125,25.3,97,31.1,0.0,0.0,0.0,0.0,1,27,5.9,194,6.1
2026-08-29T15:06:47+00:00,2026-08-30T00:00,대구광역시,35.85,128.625,24.8,99,30.8,0.0,0.0,0.0,0.0,1,40,3.9,304,7.9
2026-08-29T16:06:59+00:00,2026-08-30T01:00,진주시,35.2,128.125,25.1,97,30.7,0.0,0.0,0.0,0.0,1,21,6.7,196,10.8
2026-08-29T16:06:59+00:00,2026-08-30T01:00,대구광역시,35.85,128.625,24.7,99,30.7,0.0,0.0,0.0,0.0,1,44,3.2,297,7.2
2026-08-29T17:06:51+00:00,2026-08-30T02:00,진주시,35.2,128.125,24.6,97,30.0,0.0,0.0,0.0,0.0,0,17,5.7,198,10.8
2026-08-29T17:06:52+00:00,2026-08-30T02:00,대구광역시,35.85,128.625,24.5,99,30.3,0.0,0.0,0.0,0.0,3,87,2.8,230,7.6
2026-08-29T18:07:02+00:00,2026-08-30T03:00,진주시,35.2,128.125,24.4,97,29.6,0.0,0.0,0.0,0.0,0,19,5.5,191,7.9
2026-08-29T18:07:03+00:00,2026-08-30T03:00,대구광역시,35.85,128.625,24.4,98,30.2,0.0,0.0,0.0,0.0,3,87,2.0,315,7.2
2026-08-29T19:06:55+00:00,2026-08-30T04:00,진주시,35.2,128.125,24.4,98,29.7,0.0,0.0,0.0,0.0,0,17,6.4,196,17.3
2026-08-29T19:06:55+00:00,2026-08-30T04:00,대구광역시,35.85,128.625,24.7,99,30.6,0.1,0.1,0.0,0.0,51,37,3.4,288,7.6
2026-08-29T20:06:51+00:00,2026-08-30T05:00,진주시,35.2,128.125,23.9,99,29.3,0.0,0.0,0.0,0.0,1,29,4.4,189,22.7
2026-08-29T20:06:51+00:00,2026-08-30T05:00,대구광역시,35.85,128.625,24.4,99,30.2,0.0,0.0,0.0,0.0,1,42,3.5,246,26.6
2026-08-29T21:06:46+00:00,2026-08-30T06:00,진주시,35.2,128.125,23.9,99,29.8,0.0,0.0,0.0,0.0,1,31,0.4,180,22.0
2026-08-29T21:06:46+00:00,2026-08-30T06:00,대구광역시,35.85,128.625,24.5,97,30.0,0.0,0.0,0.0,0.0,1,35,3.8,221,25.9
2026-08-29T22:06:41+00:00,2026-08-30T07:00,진주시,35.2,128.125,24.2,99,30.0,0.0,0.0,0.0,0.0,3,100,2.3,51,15.5
2026-08-29T22:06:42+00:00,2026-08-30T07:00,대구광역시,35.85,128.625,24.8,95,30.5,0.0,0.0,0.0,0.0,1,31,2.4,207,24.1
2026-08-29T23:06:40+00:00,2026-08-30T08:00,진주시,35.2,128.125,25.0,99,31.2,0.0,0.0,0.0,0.0,2,78,2.6,344,11.9
2026-08-29T23:06:40+00:00,2026-08-30T08:00,대구광역시,35.85,128.625,25.5,93,31.5,0.0,0.0,0.0,0.0,1,39,1.8,101,16.6
2026-08-30T00:08:26+00:00,2026-08-30T09:00,진주시,35.2,128.125,26.7,91,33.3,0.0,0.0,0.0,0.0,1,26,2.0,315,13.3
2026-08-30T00:08:26+00:00,2026-08-30T09:00,대구광역시,35.85,128.625,26.6,87,32.4,0.0,0.0,0.0,0.0,1,36,2.9,90,12.2
2026-08-30T01:06:51+00:00,2026-08-30T10:00,진주시,35.2,128.125,29.2,82,36.0,0.0,0.0,0.0,0.0,1,30,3.8,229,19.1
2026-08-30T01:06:52+00:00,2026-08-30T10:00,대구광역시,35.85,128.625,27.9,81,33.8,0.0,0.0,0.0,0.0,1,32,2.7,67,14.4
2026-08-30T02:07:00+00:00,2026-08-30T11:00,진주시,35.2,128.125,30.5,77,36.9,0.0,0.0,0.0,0.0,1,29,6.6,209,16.6
2026-08-30T02:07:00+00:00,2026-08-30T11:00,대구광역시,35.85,128.625,29.0,76,34.8,0.0,0.0,0.0,0.0,1,27,2.8,50,14.4
2026-08-30T03:07:02+00:00,2026-08-30T12:00,진주시,35.2,128.125,31.1,76,37.8,0.0,0.0,0.0,0.0,1,25,8.9,201,19.1
2026-08-30T03:07:02+00:00,2026-08-30T12:00,대구광역시,35.85,128.625,30.0,71,36.1,0.0,0.0,0.0,0.0,1,29,3.1,36,16.9
2026-08-30T04:07:02+00:00,2026-08-30T13:00,진주시,35.2,128.125,30.5,79,37.4,0.1,0.1,0.0,0.0,51,25,9.2,211,25.9
2026-08-30T04:07:02+00:00,2026-08-30T13:00,대구광역시,35.85,128.625,30.9,67,37.0,0.0,0.0,0.0,0.0,1,25,3.2,63,17.3
2026-08-30T05:06:48+00:00,2026-08-30T14:00,진주시,35.2,128.125,31.2,77,38.0,0.1,0.1,0.0,0.0,51,25,9.5,209,28.8
2026-08-30T05:06:48+00:00,2026-08-30T14:00,대구광역시,35.85,128.625,31.3,64,36.6,0.0,0.0,0.0,0.0,1,37,3.6,6,17.3
2026-08-30T06:07:36+00:00,2026-08-30T15:00,진주시,35.2,128.125,30.5,80,36.9,0.1,0.1,0.0,0.0,51,28,9.6,214,24.5
2026-08-30T06:07:37+00:00,2026-08-30T15:00,대구광역시,35.85,128.625,30.9,66,36.5,0.0,0.0,0.0,0.0,1,49,1.9,68,22.3
2026-08-30T07:06:53+00:00,2026-08-30T16:00,진주시,35.2,128.125,30.6,79,37.1,0.1,0.1,0.0,0.0,51,27,9.1,214,30.2
2026-08-30T07:06:54+00:00,2026-08-30T16:00,대구광역시,35.85,128.625,29.0,84,35.6,0.6,0.6,0.0,0.0,61,36,5.2,74,25.6
2026-08-30T08:06:53+00:00,2026-08-30T17:00,진주시,35.2,128.125,30.4,78,36.6,0.0,0.0,0.0,0.0,1,27,9.6,214,27.7
2026-08-30T08:06:53+00:00,2026-08-30T17:00,대구광역시,35.85,128.625,27.0,93,32.8,0.7,0.7,0.0,0.0,63,56,9.5,79,17.3
2026-08-30T09:06:54+00:00,2026-08-30T18:00,진주시,35.2,128.125,29.5,82,35.8,0.0,0.0,0.0,0.0,1,29,7.9,204,23.4
2026-08-30T09:06:55+00:00,2026-08-30T18:00,대구광역시,35.85,128.625,26.1,94,31.5,0.4,0.4,0.0,0.0,61,39,8.8,81,23.0
2026-08-30T10:06:58+00:00,2026-08-30T19:00,진주시,35.2,128.125,28.2,88,34.8,0.0,0.0,0.0,0.0,1,26,6.3,193,16.6
2026-08-30T10:06:58+00:00,2026-08-30T19:00,대구광역시,35.85,128.625,25.4,95,30.5,0.1,0.1,0.0,0.0,51,40,8.7,85,22.3
2026-08-30T11:07:04+00:00,2026-08-30T20:00,진주시,35.2,128.125,26.9,93,33.4,0.0,0.0,0.0,0.0,1,26,5.4,184,14.0
2026-08-30T11:07:05+00:00,2026-08-30T20:00,대구광역시,35.85,128.625,24.9,95,29.7,0.2,0.2,0.0,0.0,53,41,9.4,92,13.0
2026-08-30T12:07:14+00:00,2026-08-30T21:00,진주시,35.2,128.125,26.6,94,32.8,0.0,0.0,0.0,0.0,1,24,6.1,177,6.5
2026-08-30T12:07:14+00:00,2026-08-30T21:00,대구광역시,35.85,128.625,24.7,95,29.5,0.1,0.1,0.0,0.0,51,36,8.7,95,10.1
2026-08-30T13:06:52+00:00,2026-08-30T22:00,진주시,35.2,128.125,26.0,96,32.1,0.0,0.0,0.0,0.0,1,33,5.6,165,11.9
2026-08-30T13:06:52+00:00,2026-08-30T22:00,대구광역시,35.85,128.625,24.4,96,29.1,0.1,0.1,0.0,0.0,51,41,8.0,98,11.9
2026-08-30T14:06:57+00:00,2026-08-30T23:00,진주시,35.2,128.125,25.6,97,31.6,0.0,0.0,0.0,0.0,1,28,5.8,176,13.3
2026-08-30T14:06:58+00:00,2026-08-30T23:00,대구광역시,35.85,128.625,24.3,97,29.4,0.0,0.0,0.0,0.0,1,42,5.6,105,14.4
2026-08-30T15:06:58+00:00,2026-08-31T00:00,진주시,35.2,128.125,25.3,98,31.4,0.0,0.0,0.0,0.0,1,27,4.8,167,22.0
2026-08-30T15:06:59+00:00,2026-08-31T00:00,대구광역시,35.85,128.625,24.3,97,29.5,0.0,0.0,0.0,0.0,2,70,5.8,90,18.0
2026-08-30T16:06:52+00:00,2026-08-31T01:00,진주시,35.2,128.125,25.2,98,31.0,0.0,0.0,0.0,0.0,1,24,5.4,172,19.8
2026-08-30T16:06:53+00:00,2026-08-31T01:00,대구광역시,35.85,128.625,24.3,97,29.5,0.0,0.0,0.0,0.0,3,93,4.7,86,24.8
2026-08-30T17:06:41+00:00,2026-08-31T02:00,진주시,35.2,128.125,24.8,98,30.5,0.1,0.1,0.0,0.0,51,29,5.2,146,16.9
2026-08-30T17:06:42+00:00,2026-08-31T02:00,대구광역시,35.85,128.625,24.1,98,29.5,0.0,0.0,0.0,0.0,1,31,3.6,96,16.2
2026-08-30T18:06:44+00:00,2026-08-31T03:00,진주시,35.2,128.125,25.0,97,30.9,0.1,0.1,0.0,0.0,51,46,3.5,114,12.6
2026-08-30T18:06:45+00:00,2026-08-31T03:00,대구광역시,35.85,128.625,24.0,98,29.4,0.0,0.0,0.0,0.0,2,61,3.8,73,14.8
2026-08-30T19:06:47+00:00,2026-08-31T04:00,진주시,35.2,128.125,24.5,98,30.2,0.1,0.1,0.0,0.0,51,26,4.0,117,11.5
2026-08-30T19:06:47+00:00,2026-08-31T04:00,대구광역시,35.85,128.625,23.9,98,29.2,0.0,0.0,0.0,0.0,1,23,3.9,68,11.2
2026-08-30T20:06:50+00:00,2026-08-31T05:00,진주시,35.2,128.125,24.3,99,29.9,0.2,0.2,0.0,0.0,53,24,4.0,80,10.8
2026-08-30T20:06:51+00:00,2026-08-31T05:00,대구광역시,35.85,128.625,23.8,98,29.1,0.0,0.0,0.0,0.0,1,34,3.6,84,13.7
2026-08-30T21:06:46+00:00,2026-08-31T06:00,진주시,35.2,128.125,24.4,98,30.0,0.1,0.1,0.0,0.0,51,21,3.9,112,14.4
2026-08-30T21:06:46+00:00,2026-08-31T06:00,대구광역시,35.85,128.625,24.0,97,29.2,0.0,0.0,0.0,0.0,1,33,4.2,121,14.4
2026-08-30T22:06:58+00:00,2026-08-31T07:00,진주시,35.2,128.125,25.2,97,30.9,0.0,0.0,0.0,0.0,1,20,6.2,159,16.6
2026-08-30T22:06:59+00:00,2026-08-31T07:00,대구광역시,35.85,128.625,24.6,97,30.2,0.0,0.0,0.0,0.0,1,22,4.0,117,14.4
2026-08-30T23:06:49+00:00,2026-08-31T08:00,진주시,35.2,128.125,26.9,93,32.9,0.0,0.0,0.0,0.0,0,19,8.3,180,15.1
2026-08-30T23:06:50+00:00,2026-08-31T08:00,대구광역시,35.85,128.625,26.7,90,33.1,0.0,0.0,0.0,0.0,0,15,1.8,169,15.1
2026-08-31T00:08:55+00:00,2026-08-31T09:00,진주시,35.2,128.125,28.5,86,34.1,0.0,0.0,0.0,0.0,0,19,12.7,187,29.5
2026-08-31T00:08:55+00:00,2026-08-31T09:00,대구광역시,35.85,128.625,28.7,80,34.5,0.0,0.0,0.0,0.0,0,11,5.5,191,15.5
2026-08-31T01:06:50+00:00,2026-08-31T10:00,진주시,35.2,128.125,29.9,77,34.6,0.0,0.0,0.0,0.0,0,18,16.2,192,30.2
2026-08-31T01:06:50+00:00,2026-08-31T10:00,대구광역시,35.85,128.625,29.9,72,35.2,0.0,0.0,0.0,0.0,2,58,7.3,200,22.3
2026-08-31T02:06:45+00:00,2026-08-31T11:00,진주시,35.2,128.125,31.0,74,36.2,0.0,0.0,0.0,0.0,0,17,18.2,194,35.6
2026-08-31T02:06:45+00:00,2026-08-31T11:00,대구광역시,35.85,128.625,31.3,67,37.0,0.0,0.0,0.0,0.0,0,16,8.1,193,22.7
2026-08-31T03:07:02+00:00,2026-08-31T12:00,진주시,35.2,128.125,31.4,73,37.1,0.0,0.0,0.0,0.0,0,17,18.8,192,38.9
2026-08-31T03:07:02+00:00,2026-08-31T12:00,대구광역시,35.85,128.625,32.4,61,38.0,0.0,0.0,0.0,0.0,1,21,9.5,191,29.5
2026-08-31T04:07:31+00:00,2026-08-31T13:00,진주시,35.2,128.125,31.7,72,37.4,0.0,0.0,0.0,0.0,0,14,19.0,195,39.6
2026-08-31T04:07:31+00:00,2026-08-31T13:00,대구광역시,35.85,128.625,33.1,59,38.8,0.0,0.0,0.0,0.0,0,18,9.9,190,36.7
2026-08-31T05:06:53+00:00,2026-08-31T14:00,진주시,35.2,128.125,31.4,72,36.6,0.0,0.0,0.0,0.0,1,24,17.9,195,42.5
2026-08-31T05:06:54+00:00,2026-08-31T14:00,대구광역시,35.85,128.625,33.1,58,38.2,0.0,0.0,0.0,0.0,1,22,10.1,186,37.4
2026-08-31T06:08:37+00:00,2026-08-31T15:00,진주시,35.2,128.125,31.1,72,35.7,0.0,0.0,0.0,0.0,0,18,17.8,194,43.2
2026-08-31T06:08:38+00:00,2026-08-31T15:00,대구광역시,35.85,128.625,33.0,58,37.6,0.0,0.0,0.0,0.0,0,15,10.1,182,37.4
2026-08-31T07:06:59+00:00,2026-08-31T16:00,진주시,35.2,128.125,30.3,74,34.9,0.0,0.0,0.0,0.0,3,100,16.0,194,41.8
2026-08-31T07:07:00+00:00,2026-08-31T16:00,대구광역시,35.85,128.625,32.3,60,36.7,0.0,0.0,0.0,0.0,3,94,9.1,187,40.0
2026-08-31T08:07:30+00:00,2026-08-31T17:00,진주시,35.2,128.125,29.5,77,34.3,0.0,0.0,0.0,0.0,1,42,14.2,187,37.4
2026-08-31T08:07:30+00:00,2026-08-31T17:00,대구광역시,35.85,128.625,31.1,64,35.7,0.0,0.0,0.0,0.0,3,100,8.0,185,20.9
2026-08-31T09:06:54+00:00,2026-08-31T18:00,진주시,35.2,128.125,28.5,80,33.4,0.0,0.0,0.0,0.0,1,45,11.7,189,33.8
2026-08-31T09:06:54+00:00,2026-08-31T18:00,대구광역시,35.85,128.625,30.0,68,34.8,0.0,0.0,0.0,0.0,1,47,6.2,187,14.4
2026-08-31T10:06:50+00:00,2026-08-31T19:00,진주시,35.2,128.125,27.3,84,32.3,0.0,0.0,0.0,0.0,1,30,9.0,185,28.1
2026-08-31T10:06:50+00:00,2026-08-31T19:00,대구광역시,35.85,128.625,28.7,73,33.8,0.0,0.0,0.0,0.0,3,99,4.5,194,8.6
2026-08-31T11:07:00+00:00,2026-08-31T20:00,진주시,35.2,128.125,26.4,87,31.5,0.0,0.0,0.0,0.0,2,55,7.2,177,19.4
2026-08-31T11:07:01+00:00,2026-08-31T20:00,대구광역시,35.85,128.625,27.4,82,33.2,0.0,0.0,0.0,0.0,0,10,2.2,189,10.4
2026-08-31T12:07:48+00:00,2026-08-31T21:00,진주시,35.2,128.125,25.7,91,31.1,0.0,0.0,0.0,0.0,1,27,5.4,180,14.0
2026-08-31T12:07:49+00:00,2026-08-31T21:00,대구광역시,35.85,128.625,27.0,80,32.6,0.0,0.0,0.0,0.0,0,16,0.4,270,10.8
2026-08-31T13:07:11+00:00,2026-08-31T22:00,진주시,35.2,128.125,24.9,94,30.1,0.0,0.0,0.0,0.0,0,14,6.1,183,14.0
2026-08-31T13:07:11+00:00,2026-08-31T22:00,대구광역시,35.85,128.625,26.0,86,31.2,0.0,0.0,0.0,0.0,1,47,3.3,103,8.6
2026-08-31T14:07:05+00:00,2026-08-31T23:00,진주시,35.2,128.125,24.8,93,29.7,0.0,0.0,0.0,0.0,0,13,7.0,168,11.5
2026-08-31T14:07:05+00:00,2026-08-31T23:00,대구광역시,35.85,128.625,25.5,87,30.5,0.0,0.0,0.0,0.0,2,69,4.5,104,10.8
2026-08-31T15:06:51+00:00,2026-09-01T00:00,진주시,35.2,128.125,24.4,94,28.9,0.0,0.0,0.0,0.0,0,4,8.6,165,16.2
2026-08-31T15:06:51+00:00,2026-09-01T00:00,대구광역시,35.85,128.625,24.9,91,30.0,0.0,0.0,0.0,0.0,2,55,3.6,90,10.4
2026-08-31T16:06:57+00:00,2026-09-01T01:00,진주시,35.2,128.125,24.0,94,28.5,0.0,0.0,0.0,0.0,0,13,6.7,164,17.3
2026-08-31T16:06:58+00:00,2026-09-01T01:00,대구광역시,35.85,128.625,24.4,93,29.5,0.0,0.0,0.0,0.0,2,77,3.1,69,9.0
2026-08-31T17:06:51+00:00,2026-09-01T02:00,진주시,35.2,128.125,23.5,95,28.1,0.0,0.0,0.0,0.0,1,24,4.8,167,16.6
2026-08-31T17:06:51+00:00,2026-09-01T02:00,대구광역시,35.85,128.625,24.0,93,28.8,0.0,0.0,0.0,0.0,0,3,4.3,66,11.5
2026-08-31T18:06:53+00:00,2026-09-01T03:00,진주시,35.2,128.125,23.9,92,28.9,0.0,0.0,0.0,0.0,1,27,2.1,149,14.0
2026-08-31T18:06:53+00:00,2026-09-01T03:00,대구광역시,35.85,128.625,23.9,93,28.5,0.0,0.0,0.0,0.0,0,1,4.7,90,11.5
2026-08-31T19:07:01+00:00,2026-09-01T04:00,진주시,35.2,128.125,22.8,96,26.9,0.0,0.0,0.0,0.0,0,17,6.2,126,12.2
2026-08-31T19:07:02+00:00,2026-09-01T04:00,대구광역시,35.85,128.625,22.9,97,27.5,0.0,0.0,0.0,0.0,0,1,3.9,68,11.9
2026-08-31T20:07:00+00:00,2026-09-01T05:00,진주시,35.2,128.125,22.8,95,27.0,0.0,0.0,0.0,0.0,0,18,4.9,126,11.9
2026-08-31T20:07:00+00:00,2026-09-01T05:00,대구광역시,35.85,128.625,22.9,97,27.4,0.0,0.0,0.0,0.0,0,1,4.1,75,11.2
2026-08-31T21:07:06+00:00,2026-09-01T06:00,진주시,35.2,128.125,22.6,95,26.5,0.0,0.0,0.0,0.0,0,19,6.0,123,10.4
2026-08-31T21:07:07+00:00,2026-09-01T06:00,대구광역시,35.85,128.625,22.9,97,27.4,0.0,0.0,0.0,0.0,0,0,4.4,81,9.7
2026-08-31T22:06:59+00:00,2026-09-01T07:00,진주시,35.2,128.125,23.3,95,27.8,0.0,0.0,0.0,0.0,1,23,5.1,129,9.0
2026-08-31T22:06:59+00:00,2026-09-01T07:00,대구광역시,35.85,128.625,23.3,96,28.1,0.0,0.0,0.0,0.0,0,1,3.3,77,8.3
2026-08-31T23:06:51+00:00,2026-09-01T08:00,진주시,35.2,128.125,25.3,91,31.1,0.0,0.0,0.0,0.0,1,26,1.1,360,10.4
2026-08-31T23:06:52+00:00,2026-09-01T08:00,대구광역시,35.85,128.625,25.1,90,30.8,0.0,0.0,0.0,0.0,0,3,0.5,45,8.3
2026-09-01T00:21:02+00:00,2026-09-01T09:15,진주시,35.2,128.125,27.9,85,34.0,0.0,0.0,0.0,0.0,1,42,5.2,196,24.1
2026-09-01T00:21:03+00:00,2026-09-01T09:15,대구광역시,35.85,128.625,28.7,74,34.0,0.0,0.0,0.0,0.0,1,35,4.3,228,20.9
2026-09-01T01:11:50+00:00,2026-09-01T10:00,진주시,35.2,128.125,29.1,80,35.3,0.0,0.0,0.0,0.0,0,15,5.4,222,29.5
2026-09-01T01:11:51+00:00,2026-09-01T10:00,대구광역시,35.85,128.625,29.9,69,34.9,0.0,0.0,0.0,0.0,1,25,6.4,243,24.8
2026-09-01T02:11:57+00:00,2026-09-01T11:00,진주시,35.2,128.125,30.1,75,35.3,0.0,0.0,0.0,0.0,2,53,11.0,199,35.3
2026-09-01T02:11:57+00:00,2026-09-01T11:00,대구광역시,35.85,128.625,31.0,64,36.4,0.0,0.0,0.0,0.0,0,13,7.0,235,28.8
2026-09-01T03:13:34+00:00,2026-09-01T12:00,진주시,35.2,128.125,29.0,78,34.7,0.0,0.0,0.0,0.0,2,68,6.6,171,36.4
2026-09-01T03:13:35+00:00,2026-09-01T12:00,대구광역시,35.85,128.625,31.9,60,37.3,0.0,0.0,0.0,0.0,1,26,7.2,233,31.0
2026-09-01T04:12:21+00:00,2026-09-01T13:00,진주시,35.2,128.125,28.6,83,33.7,0.0,0.0,0.0,0.0,1,32,13.7,145,40.0
2026-09-01T04:12:22+00:00,2026-09-01T13:00,대구광역시,35.85,128.625,32.0,58,36.1,0.0,0.0,0.0,0.0,1,38,7.9,223,32.4
2026-09-01T05:12:01+00:00,2026-09-01T14:00,진주시,35.2,128.125,28.8,82,34.0,0.1,0.1,0.0,0.0,51,49,12.6,180,35.3
2026-09-01T05:12:02+00:00,2026-09-01T14:00,대구광역시,35.85,128.625,32.7,56,37.2,0.0,0.0,0.0,0.0,1,23,7.0,215,28.4
2026-09-01T06:17:05+00:00,2026-09-01T15:15,진주시,35.2,128.125,29.5,80,35.2,0.1,0.1,0.0,0.0,51,21,10.9,189,37.8
2026-09-01T06:17:06+00:00,2026-09-01T15:15,대구광역시,35.85,128.625,32.6,56,36.7,0.0,0.0,0.0,0.0,1,29,8.2,195,31.7
2026-09-01T07:12:54+00:00,2026-09-01T16:00,진주시,35.2,128.125,28.9,85,34.7,0.1,0.1,0.0,0.0,51,34,11.8,203,36.0
2026-09-01T07:12:54+00:00,2026-09-01T16:00,대구광역시,35.85,128.625,31.1,62,35.4,0.0,0.0,0.0,0.0,1,34,7.9,177,29.2
2026-09-01T08:14:28+00:00,2026-09-01T17:00,진주시,35.2,128.125,28.8,83,34.5,0.0,0.0,0.0,0.0,1,35,10.1,182,33.8
2026-09-01T08:14:29+00:00,2026-09-01T17:00,대구광역시,35.85,128.625,30.4,67,35.2,0.0,0.0,0.0,0.0,1,35,7.0,192,20.5
2026-09-01T09:13:33+00:00,2026-09-01T18:00,진주시,35.2,128.125,28.1,86,34.1,0.0,0.0,0.0,0.0,1,42,7.6,183,25.9
2026-09-01T09:13:34+00:00,2026-09-01T18:00,대구광역시,35.85,128.625,29.6,71,34.8,0.0,0.0,0.0,0.0,1,31,5.1,176,22.3
2026-09-01T10:13:50+00:00,2026-09-01T19:00,진주시,35.2,128.125,26.9,91,33.0,0.0,0.0,0.0,0.0,2,57,6.1,180,16.2
2026-09-01T10:13:51+00:00,2026-09-01T19:00,대구광역시,35.85,128.625,28.4,76,33.7,0.0,0.0,0.0,0.0,1,23,4.3,156,12.2
2026-09-01T11:12:19+00:00,2026-09-01T20:00,진주시,35.2,128.125,26.5,91,32.3,0.0,0.0,0.0,0.0,1,48,5.8,173,13.3
2026-09-01T11:12:19+00:00,2026-09-01T20:00,대구광역시,35.85,128.625,28.0,78,33.2,0.0,0.0,0.0,0.0,3,80,4.7,184,11.9
2026-09-01T12:17:31+00:00,2026-09-01T21:15,진주시,35.2,128.125,25.6,94,31.3,0.0,0.0,0.0,0.0,2,52,5.4,172,12.6
2026-09-01T12:17:31+00:00,2026-09-01T21:15,대구광역시,35.85,128.625,27.4,82,33.2,0.0,0.0,0.0,0.0,2,58,1.6,153,7.6
2026-09-01T13:13:02+00:00,2026-09-01T22:00,진주시,35.2,128.125,25.3,94,30.7,0.0,0.0,0.0,0.0,2,71,5.5,169,12.6
2026-09-01T13:13:02+00:00,2026-09-01T22:00,대구광역시,35.85,128.625,26.8,84,32.4,0.0,0.0,0.0,0.0,1,32,2.4,117,4.7
2026-09-01T14:13:18+00:00,2026-09-01T23:00,진주시,35.2,128.125,24.6,96,29.9,0.0,0.0,0.0,0.0,1,35,5.9,169,13.0
2026-09-01T14:13:19+00:00,2026-09-01T23:00,대구광역시,35.85,128.625,26.2,87,31.9,0.0,0.0,0.0,0.0,2,71,2.6,124,5.4
2026-09-01T15:12:38+00:00,2026-09-02T00:00,진주시,35.2,128.125,24.1,97,29.1,0.0,0.0,0.0,0.0,1,28,5.9,169,11.9
2026-09-01T15:12:38+00:00,2026-09-02T00:00,대구광역시,35.85,128.625,26.0,88,31.5,0.0,0.0,0.0,0.0,1,41,3.3,131,4.7
2026-09-01T16:38:40+00:00,2026-09-02T01:30,진주시,35.2,128.125,24.0,99,29.2,0.0,0.0,0.0,0.0,1,25,5.7,162,9.0
2026-09-01T16:38:40+00:00,2026-09-02T01:30,대구광역시,35.85,128.625,25.3,91,30.9,0.0,0.0,0.0,0.0,1,25,1.8,127,5.0
2026-09-01T17:12:32+00:00,2026-09-02T02:00,진주시,35.2,128.125,23.5,99,28.5,0.0,0.0,0.0,0.0,1,43,5.4,180,6.5
2026-09-01T17:12:32+00:00,2026-09-02T02:00,대구광역시,35.85,128.625,24.7,94,30.1,0.0,0.0,0.0,0.0,1,34,3.3,13,4.7
2026-09-01T18:15:25+00:00,2026-09-02T03:15,진주시,35.2,128.125,23.1,99,27.8,0.0,0.0,0.0,0.0,1,23,5.4,143,2.2
2026-09-01T18:15:26+00:00,2026-09-02T03:15,대구광역시,35.85,128.625,24.3,96,29.7,0.0,0.0,0.0,0.0,1,38,3.0,14,3.2
2026-09-01T19:11:44+00:00,2026-09-02T04:00,진주시,35.2,128.125,23.0,99,27.8,0.0,0.0,0.0,0.0,3,100,4.8,27,2.2
2026-09-01T19:11:45+00:00,2026-09-02T04:00,대구광역시,35.85,128.625,23.6,98,28.7,0.0,0.0,0.0,0.0,1,24,4.2,160,5.0
2026-09-01T20:13:12+00:00,2026-09-02T05:00,진주시,35.2,128.125,23.0,99,27.9,0.0,0.0,0.0,0.0,3,100,3.3,13,4.3
2026-09-01T20:13:13+00:00,2026-09-02T05:00,대구광역시,35.85,128.625,23.6,96,28.4,0.0,0.0,0.0,0.0,1,26,4.0,175,4.7
2026-09-01T21:12:52+00:00,2026-09-02T06:00,진주시,35.2,128.125,23.1,99,28.3,0.0,0.0,0.0,0.0,3,100,1.3,34,6.5
2026-09-01T21:12:53+00:00,2026-09-02T06:00,대구광역시,35.85,128.625,23.3,97,28.2,0.0,0.0,0.0,0.0,1,26,3.6,186,5.0
2026-09-01T22:11:52+00:00,2026-09-02T07:00,진주시,35.2,128.125,23.1,99,28.4,0.0,0.0,0.0,0.0,3,100,1.1,90,5.8
2026-09-01T22:11:52+00:00,2026-09-02T07:00,대구광역시,35.85,128.625,23.6,96,28.8,0.0,0.0,0.0,0.0,1,34,1.1,162,7.9
2026-09-01T23:10:52+00:00,2026-09-02T08:00,진주시,35.2,128.125,23.5,99,29.0,0.0,0.0,0.0,0.0,3,100,1.1,270,12.6
2026-09-01T23:10:53+00:00,2026-09-02T08:00,대구광역시,35.85,128.625,24.4,94,29.8,0.0,0.0,0.0,0.0,1,28,2.5,315,13.7
2026-09-02T00:20:35+00:00,2026-09-02T09:15,진주시,35.2,128.125,25.2,95,31.4,0.0,0.0,0.0,0.0,2,71,1.1,198,10.1
2026-09-02T00:20:35+00:00,2026-09-02T09:15,대구광역시,35.85,128.625,26.3,87,32.2,0.0,0.0,0.0,0.0,1,27,1.6,333,16.9
2026-09-02T01:11:25+00:00,2026-09-02T10:00,진주시,35.2,128.125,27.3,85,33.4,0.0,0.0,0.0,0.0,0,17,2.3,162,15.8
2026-09-02T01:11:25+00:00,2026-09-02T10:00,대구광역시,35.85,128.625,27.1,80,32.4,0.0,0.0,0.0,0.0,1,24,2.6,326,21.6
2026-09-02T02:21:16+00:00,2026-09-02T11:15,진주시,35.2,128.125,29.5,74,36.1,0.0,0.0,0.0,0.0,1,33,4.6,219,14.8
2026-09-02T02:21:16+00:00,2026-09-02T11:15,대구광역시,35.85,128.625,28.5,74,33.5,0.0,0.0,0.0,0.0,1,25,5.1,315,20.9
2026-09-02T03:12:59+00:00,2026-09-02T12:00,진주시,35.2,128.125,30.3,70,36.7,0.0,0.0,0.0,0.0,1,40,5.6,225,16.2
2026-09-02T03:12:59+00:00,2026-09-02T12:00,대구광역시,35.85,128.625,29.2,69,34.1,0.0,0.0,0.0,0.0,1,23,5.7,305,22.3
2026-09-02T04:14:51+00:00,2026-09-02T13:00,진주시,35.2,128.125,31.0,67,37.2,0.0,0.0,0.0,0.0,1,21,5.7,215,18.7
2026-09-02T04:14:52+00:00,2026-09-02T13:00,대구광역시,35.85,128.625,30.2,63,34.9,0.0,0.0,0.0,0.0,1,20,4.8,297,23.4
2026-09-02T05:11:51+00:00,2026-09-02T14:00,진주시,35.2,128.125,31.2,67,36.9,0.0,0.0,0.0,0.0,1,20,6.6,193,22.3
2026-09-02T05:11:52+00:00,2026-09-02T14:00,대구광역시,35.85,128.625,30.8,60,35.2,0.0,0.0,0.0,0.0,0,19,5.1,321,23.8
2026-09-02T06:22:13+00:00,2026-09-02T15:15,진주시,35.2,128.125,31.0,67,35.9,0.0,0.0,0.0,0.0,1,24,8.7,197,21.6
2026-09-02T06:22:13+00:00,2026-09-02T15:15,대구광역시,35.85,128.625,30.6,60,34.7,0.0,0.0,0.0,0.0,2,54,5.5,337,22.3
2026-09-02T07:12:33+00:00,2026-09-02T16:00,진주시,35.2,128.125,30.7,68,35.7,0.0,0.0,0.0,0.0,1,26,7.5,197,23.4
2026-09-02T07:12:33+00:00,2026-09-02T16:00,대구광역시,35.85,128.625,30.5,61,34.6,0.0,0.0,0.0,0.0,2,55,6.0,327,19.4
2026-09-02T08:14:24+00:00,2026-09-02T17:00,진주시,35.2,128.125,30.0,71,35.2,0.0,0.0,0.0,0.0,1,30,6.9,219,23.4
2026-09-02T08:14:25+00:00,2026-09-02T17:00,대구광역시,35.85,128.625,28.4,77,33.9,0.1,0.1,0.0,0.0,51,49,3.6,323,11.9
2026-09-02T09:14:02+00:00,2026-09-02T18:00,진주시,35.2,128.125,28.8,78,34.8,0.0,0.0,0.0,0.0,1,34,3.1,225,23.4
2026-09-02T09:14:03+00:00,2026-09-02T18:00,대구광역시,35.85,128.625,28.0,80,33.8,0.0,0.0,0.0,0.0,1,39,2.5,352,13.0
2026-09-02T10:14:36+00:00,2026-09-02T19:00,진주시,35.2,128.125,27.7,87,34.4,0.0,0.0,0.0,0.0,2,64,1.3,236,16.9
2026-09-02T10:14:37+00:00,2026-09-02T19:00,대구광역시,35.85,128.625,27.3,83,33.0,0.0,0.0,0.0,0.0,1,33,3.3,41,13.0
2026-09-02T11:12:28+00:00,2026-09-02T20:00,진주시,35.2,128.125,26.6,92,32.7,0.0,0.0,0.0,0.0,2,63,5.5,32,14.0
2026-09-02T11:12:29+00:00,2026-09-02T20:00,대구광역시,35.85,128.625,25.9,89,31.4,0.0,0.0,0.0,0.0,1,30,4.0,80,10.4
2026-09-02T12:17:38+00:00,2026-09-02T21:15,진주시,35.2,128.125,25.8,94,31.9,0.0,0.0,0.0,0.0,3,86,3.9,34,11.5
2026-09-02T12:17:39+00:00,2026-09-02T21:15,대구광역시,35.85,128.625,25.4,90,30.5,0.0,0.0,0.0,0.0,2,59,5.8,97,11.2
2026-09-02T13:13:30+00:00,2026-09-02T22:00,진주시,35.2,128.125,25.5,94,31.3,0.0,0.0,0.0,0.0,1,43,4.3,360,14.4
2026-09-02T13:13:30+00:00,2026-09-02T22:00,대구광역시,35.85,128.625,25.1,91,30.3,0.0,0.0,0.0,0.0,2,72,4.5,104,9.4
2026-09-02T14:13:21+00:00,2026-09-02T23:00,진주시,35.2,128.125,25.0,93,30.2,0.0,0.0,0.0,0.0,3,92,4.9,343,10.4
2026-09-02T14:13:22+00:00,2026-09-02T23:00,대구광역시,35.85,128.625,24.7,94,30.5,0.0,0.0,0.0,0.0,1,41,1.1,18,10.8
2026-09-02T15:17:53+00:00,2026-09-03T00:15,진주시,35.2,128.125,24.5,93,29.5,0.0,0.0,0.0,0.0,3,88,4.7,351,9.7
2026-09-02T15:17:53+00:00,2026-09-03T00:15,대구광역시,35.85,128.625,24.3,94,29.3,0.0,0.0,0.0,0.0,1,42,5.0,120,11.5
2026-09-02T16:13:36+00:00,2026-09-03T01:00,진주시,35.2,128.125,24.3,94,29.3,0.0,0.0,0.0,0.0,3,95,4.4,351,10.4
2026-09-02T16:13:37+00:00,2026-09-03T01:00,대구광역시,35.85,128.625,24.1,95,29.2,0.0,0.0,0.0,0.0,3,85,3.9,124,13.0
2026-09-02T17:12:25+00:00,2026-09-03T02:00,진주시,35.2,128.125,23.9,95,28.8,0.0,0.0,0.0,0.0,2,51,4.4,351,10.8
2026-09-02T17:12:25+00:00,2026-09-03T02:00,대구광역시,35.85,128.625,23.9,97,29.2,0.0,0.0,0.0,0.0,2,77,2.6,106,13.7
2026-09-02T18:16:19+00:00,2026-09-03T03:15,진주시,35.2,128.125,23.4,97,28.4,0.0,0.0,0.0,0.0,2,58,3.3,13,10.1
2026-09-02T18:16:19+00:00,2026-09-03T03:15,대구광역시,35.85,128.625,23.6,97,29.0,0.0,0.0,0.0,0.0,1,43,1.5,104,14.8
2026-09-02T19:11:44+00:00,2026-09-03T04:00,진주시,35.2,128.125,23.3,98,28.3,0.0,0.0,0.0,0.0,1,48,3.4,18,13.3
2026-09-02T19:11:45+00:00,2026-09-03T04:00,대구광역시,35.85,128.625,23.6,97,28.7,0.0,0.0,0.0,0.0,1,35,3.1,126,15.1
2026-09-02T20:13:13+00:00,2026-09-03T05:00,진주시,35.2,128.125,23.5,97,28.2,0.0,0.0,0.0,0.0,3,83,5.8,353,14.0
2026-09-02T20:13:14+00:00,2026-09-03T05:00,대구광역시,35.85,128.625,23.6,97,28.7,0.0,0.0,0.0,0.0,2,68,3.1,135,15.5
2026-09-02T21:12:10+00:00,2026-09-03T06:00,진주시,35.2,128.125,23.7,96,28.4,0.0,0.0,0.0,0.0,3,81,5.8,7,13.0
2026-09-02T21:12:11+00:00,2026-09-03T06:00,대구광역시,35.85,128.625,23.7,97,28.8,0.0,0.0,0.0,0.0,2,70,3.9,112,15.5
2026-09-02T22:13:09+00:00,2026-09-03T07:00,진주시,35.2,128.125,24.0,96,29.0,0.0,0.0,0.0,0.0,2,64,5.2,12,15.5
2026-09-02T22:13:09+00:00,2026-09-03T07:00,대구광역시,35.85,128.625,24.0,96,29.0,0.0,0.0,0.0,0.0,2,65,4.4,99,11.5
2026-09-02T23:11:29+00:00,2026-09-03T08:00,진주시,35.2,128.125,24.8,94,30.1,0.0,0.0,0.0,0.0,1,47,5.2,16,17.6
2026-09-02T23:11:29+00:00,2026-09-03T08:00,대구광역시,35.85,128.625,24.4,95,29.4,0.0,0.0,0.0,0.0,2,59,5.0,90,14.8
2026-09-03T00:21:29+00:00,2026-09-03T09:15,진주시,35.2,128.125,25.9,91,31.3,0.0,0.0,0.0,0.0,3,82,6.5,19,25.2
2026-09-03T00:21:30+00:00,2026-09-03T09:15,대구광역시,35.85,128.625,25.3,91,30.5,0.0,0.0,0.0,0.0,2,75,5.2,74,21.2
2026-09-03T01:11:39+00:00,2026-09-03T10:00,진주시,35.2,128.125,26.5,90,32.0,0.0,0.0,0.0,0.0,2,79,7.4,29,26.3
2026-09-03T01:11:39+00:00,2026-09-03T10:00,대구광역시,35.85,128.625,25.7,87,30.3,0.0,0.0,0.0,0.0,2,55,7.4,76,19.1
2026-09-03T02:16:55+00:00,2026-09-03T11:15,진주시,35.2,128.125,27.8,85,33.5,0.0,0.0,0.0,0.0,1,43,7.7,37,26.3
2026-09-03T02:16:56+00:00,2026-09-03T11:15,대구광역시,35.85,128.625,27.0,81,31.4,0.0,0.0,0.0,0.0,1,25,8.7,83,23.4
2026-09-03T05:26:24+00:00,2026-09-03T14:15,진주시,35.2,128.125,30.1,73,35.4,0.0,0.0,0.0,0.0,1,41,8.7,66,28.8
2026-09-03T05:26:25+00:00,2026-09-03T14:15,대구광역시,35.85,128.625,27.5,75,31.1,0.0,0.0,0.0,0.0,2,56,12.0,83,37.1
2026-09-03T06:18:05+00:00,2026-09-03T15:15,진주시,35.2,128.125,29.8,73,34.9,0.0,0.0,0.0,0.0,1,48,9.4,58,28.8
2026-09-03T06:18:05+00:00,2026-09-03T15:15,대구광역시,35.85,128.625,28.6,73,32.8,0.0,0.0,0.0,0.0,1,41,10.5,82,37.8
2026-09-03T07:13:29+00:00,2026-09-03T16:00,진주시,35.2,128.125,28.5,82,33.3,0.0,0.0,0.0,0.0,1,28,13.4,63,32.4
2026-09-03T07:13:30+00:00,2026-09-03T16:00,대구광역시,35.85,128.625,26.7,76,29.7,0.0,0.0,0.0,0.0,1,34,13.0,84,44.6
2026-09-03T08:14:41+00:00,2026-09-03T17:00,진주시,35.2,128.125,28.0,81,32.6,0.0,0.0,0.0,0.0,1,40,12.2,62,32.0
2026-09-03T08:14:41+00:00,2026-09-03T17:00,대구광역시,35.85,128.625,26.2,78,29.3,0.0,0.0,0.0,0.0,1,43,12.8,79,46.1
2026-09-03T09:14:01+00:00,2026-09-03T18:00,진주시,35.2,128.125,27.0,82,31.2,0.0,0.0,0.0,0.0,1,44,12.0,51,28.4
2026-09-03T09:14:02+00:00,2026-09-03T18:00,대구광역시,35.85,128.625,25.4,79,28.3,0.0,0.0,0.0,0.0,1,40,12.1,78,44.6
2026-09-03T10:14:01+00:00,2026-09-03T19:00,진주시,35.2,128.125,25.8,83,29.5,0.0,0.0,0.0,0.0,1,43,11.8,40,27.7
2026-09-03T10:14:01+00:00,2026-09-03T19:00,대구광역시,35.85,128.625,24.8,78,27.6,0.0,0.0,0.0,0.0,1,41,9.9,80,42.5
2026-09-03T11:12:40+00:00,2026-09-03T20:00,진주시,35.2,128.125,25.0,84,28.2,0.0,0.0,0.0,0.0,1,30,12.9,36,23.8
2026-09-03T11:12:40+00:00,2026-09-03T20:00,대구광역시,35.85,128.625,24.4,77,26.8,0.0,0.0,0.0,0.0,1,35,9.8,84,39.2
2026-09-03T12:18:05+00:00,2026-09-03T21:15,진주시,35.2,128.125,24.3,84,27.2,0.0,0.0,0.0,0.0,1,29,12.2,28,26.3
2026-09-03T12:18:06+00:00,2026-09-03T21:15,대구광역시,35.85,128.625,23.9,78,26.6,0.0,0.0,0.0,0.0,2,51,7.3,81,36.4
2026-09-03T13:13:42+00:00,2026-09-03T22:00,진주시,35.2,128.125,24.1,83,26.9,0.0,0.0,0.0,0.0,1,26,11.0,23,26.3
2026-09-03T13:13:42+00:00,2026-09-03T22:00,대구광역시,35.85,128.625,23.7,80,26.5,0.0,0.0,0.0,0.0,1,20,7.6,82,34.6
2026-09-03T14:14:09+00:00,2026-09-03T23:00,진주시,35.2,128.125,23.8,83,26.5,0.0,0.0,0.0,0.0,1,44,10.2,18,25.9
2026-09-03T14:14:09+00:00,2026-09-03T23:00,대구광역시,35.85,128.625,23.4,81,26.6,0.0,0.0,0.0,0.0,1,45,4.9,73,31.0
2026-09-03T15:13:07+00:00,2026-09-04T00:00,진주시,35.2,128.125,23.7,82,26.1,0.0,0.0,0.0,0.0,2,58,11.8,23,25.9
2026-09-03T15:13:08+00:00,2026-09-04T00:00,대구광역시,35.85,128.625,23.1,83,26.5,0.0,0.0,0.0,0.0,2,57,3.2,90,27.7
2026-09-03T16:14:21+00:00,2026-09-04T01:00,진주시,35.2,128.125,23.6,82,25.9,0.0,0.0,0.0,0.0,2,57,12.0,21,25.9
2026-09-03T16:14:22+00:00,2026-09-04T01:00,대구광역시,35.85,128.625,22.9,83,26.1,0.0,0.0,0.0,0.0,2,59,4.3,95,26.6
2026-09-03T17:12:24+00:00,2026-09-04T02:00,진주시,35.2,128.125,23.1,83,25.5,0.0,0.0,0.0,0.0,2,69,10.5,16,28.4
2026-09-03T17:12:24+00:00,2026-09-04T02:00,대구광역시,35.85,128.625,22.2,88,25.7,0.0,0.0,0.0,0.0,2,65,2.9,83,24.5
2026-09-03T18:15:33+00:00,2026-09-04T03:15,진주시,35.2,128.125,22.9,84,25.0,0.0,0.0,0.0,0.0,1,29,12.2,19,31.3
2026-09-03T18:15:33+00:00,2026-09-04T03:15,대구광역시,35.85,128.625,22.1,86,25.2,0.0,0.0,0.0,0.0,2,76,3.7,119,24.5
2026-09-03T19:10:48+00:00,2026-09-04T04:00,진주시,35.2,128.125,23.1,82,25.2,0.0,0.0,0.0,0.0,2,54,11.8,20,32.4
2026-09-03T19:10:49+00:00,2026-09-04T04:00,대구광역시,35.85,128.625,22.5,82,25.5,0.0,0.0,0.0,0.0,2,76,3.8,73,25.6
2026-09-03T20:12:20+00:00,2026-09-04T05:00,진주시,35.2,128.125,23.0,81,24.8,0.0,0.0,0.0,0.0,1,37,12.4,22,32.8
2026-09-03T20:12:21+00:00,2026-09-04T05:00,대구광역시,35.85,128.625,22.3,83,25.3,0.0,0.0,0.0,0.0,2,70,3.4,72,24.1
2026-09-03T21:13:04+00:00,2026-09-04T06:00,진주시,35.2,128.125,22.9,82,24.8,0.0,0.0,0.0,0.0,2,58,12.4,22,31.0
2026-09-03T21:13:04+00:00,2026-09-04T06:00,대구광역시,35.85,128.625,22.3,80,24.8,0.0,0.0,0.0,0.0,2,69,4.8,77,24.8
2026-09-03T22:12:25+00:00,2026-09-04T07:00,진주시,35.2,128.125,23.0,82,24.8,0.0,0.0,0.0,0.0,2,53,13.6,17,34.2
2026-09-03T22:12:26+00:00,2026-09-04T07:00,대구광역시,35.85,128.625,22.6,74,24.3,0.0,0.0,0.0,0.0,3,95,7.5,73,25.2
2026-09-03T23:11:12+00:00,2026-09-04T08:00,진주시,35.2,128.125,23.3,79,24.6,0.0,0.0,0.0,0.0,2,55,15.3,27,37.8
2026-09-03T23:11:12+00:00,2026-09-04T08:00,대구광역시,35.85,128.625,23.2,71,24.6,0.0,0.0,0.0,0.0,1,37,9.1,72,30.6
2026-09-04T00:19:35+00:00,2026-09-04T09:15,진주시,35.2,128.125,24.4,74,25.3,0.0,0.0,0.0,0.0,1,28,18.0,29,40.7
2026-09-04T00:19:36+00:00,2026-09-04T09:15,대구광역시,35.85,128.625,24.3,67,25.3,0.0,0.0,0.0,0.0,1,40,12.4,68,43.2
2026-09-04T01:10:16+00:00,2026-09-04T10:00,진주시,35.2,128.125,25.1,71,26.1,0.0,0.0,0.0,0.0,1,29,17.8,36,49.3
2026-09-04T01:10:16+00:00,2026-09-04T10:00,대구광역시,35.85,128.625,25.1,63,25.8,0.0,0.0,0.0,0.0,1,31,14.2,69,48.2
2026-09-04T02:13:14+00:00,2026-09-04T11:00,진주시,35.2,128.125,26.1,68,27.2,0.0,0.0,0.0,0.0,1,32,18.9,40,53.6
2026-09-04T02:13:15+00:00,2026-09-04T11:00,대구광역시,35.85,128.625,26.0,60,26.7,0.0,0.0,0.0,0.0,1,25,15.7,70,54.7
2026-09-04T03:13:06+00:00,2026-09-04T12:00,진주시,35.2,128.125,26.9,67,28.3,0.0,0.0,0.0,0.0,1,36,19.6,43,52.9
2026-09-04T03:13:06+00:00,2026-09-04T12:00,대구광역시,35.85,128.625,26.5,59,27.6,0.0,0.0,0.0,0.0,1,22,16.7,71,57.6
2026-09-04T04:13:28+00:00,2026-09-04T13:00,진주시,35.2,128.125,27.3,66,28.8,0.0,0.0,0.0,0.0,1,32,19.6,44,55.1
2026-09-04T04:13:28+00:00,2026-09-04T13:00,대구광역시,35.85,128.625,26.7,58,27.8,0.0,0.0,0.0,0.0,0,18,17.3,69,58.3
2026-09-04T05:12:01+00:00,2026-09-04T14:00,진주시,35.2,128.125,26.7,66,27.9,0.0,0.0,0.0,0.0,2,51,18.1,47,55.4
2026-09-04T05:12:01+00:00,2026-09-04T14:00,대구광역시,35.85,128.625,26.7,58,27.6,0.0,0.0,0.0,0.0,0,17,17.1,72,59.4
2026-09-04T06:16:57+00:00,2026-09-04T15:15,진주시,35.2,128.125,26.6,67,27.8,0.0,0.0,0.0,0.0,1,41,18.3,45,52.2
2026-09-04T06:16:57+00:00,2026-09-04T15:15,대구광역시,35.85,128.625,26.6,57,26.9,0.0,0.0,0.0,0.0,0,11,16.2,69,59.8
2026-09-04T07:12:50+00:00,2026-09-04T16:00,진주시,35.2,128.125,26.7,67,28.0,0.0,0.0,0.0,0.0,1,24,18.1,46,52.6
2026-09-04T07:12:51+00:00,2026-09-04T16:00,대구광역시,35.85,128.625,26.1,59,26.5,0.0,0.0,0.0,0.0,0,16,15.7,70,56.9
2026-09-04T08:14:46+00:00,2026-09-04T17:00,진주시,35.2,128.125,25.9,67,27.1,0.0,0.0,0.0,0.0,0,16,16.6,42,55.1
2026-09-04T08:14:46+00:00,2026-09-04T17:00,대구광역시,35.85,128.625,25.5,62,26.2,0.0,0.0,0.0,0.0,0,13,13.8,70,56.2
2026-09-04T09:13:25+00:00,2026-09-04T18:00,진주시,35.2,128.125,24.7,68,25.8,0.0,0.0,0.0,0.0,0,15,13.7,45,48.6
2026-09-04T09:13:26+00:00,2026-09-04T18:00,대구광역시,35.85,128.625,24.4,65,25.3,0.0,0.0,0.0,0.0,0,12,11.8,70,50.4
2026-09-04T10:13:37+00:00,2026-09-04T19:00,진주시,35.2,128.125,23.3,72,24.5,0.0,0.0,0.0,0.0,0,14,11.7,34,41.8
2026-09-04T10:13:37+00:00,2026-09-04T19:00,대구광역시,35.85,128.625,23.3,69,24.6,0.0,0.0,0.0,0.0,0,13,8.8,71,41.4
2026-09-04T11:12:32+00:00,2026-09-04T20:00,진주시,35.2,128.125,22.2,75,23.3,0.0,0.0,0.0,0.0,0,5,11.1,25,34.6
2026-09-04T11:12:33+00:00,2026-09-04T20:00,대구광역시,35.85,128.625,22.5,72,24.1,0.0,0.0,0.0,0.0,1,28,6.3,59,34.9
2026-09-04T12:17:28+00:00,2026-09-04T21:15,진주시,35.2,128.125,21.3,79,22.6,0.0,0.0,0.0,0.0,0,6,9.2,21,32.0
2026-09-04T12:17:29+00:00,2026-09-04T21:15,대구광역시,35.85,128.625,21.9,74,23.9,0.0,0.0,0.0,0.0,0,15,3.9,56,29.2
2026-09-04T13:13:00+00:00,2026-09-04T22:00,진주시,35.2,128.125,20.7,81,22.0,0.0,0.0,0.0,0.0,0,5,9.3,13,32.8
2026-09-04T13:13:00+00:00,2026-09-04T22:00,대구광역시,35.85,128.625,21.3,79,23.7,0.0,0.0,0.0,0.0,0,18,2.3,321,31.0
2026-09-04T14:12:35+00:00,2026-09-04T23:00,진주시,35.2,128.125,20.3,84,21.8,0.0,0.0,0.0,0.0,0,12,8.8,12,31.7
2026-09-04T14:12:35+00:00,2026-09-04T23:00,대구광역시,35.85,128.625,21.0,78,23.1,0.0,0.0,0.0,0.0,0,13,2.6,326,28.8
2026-09-04T15:13:05+00:00,2026-09-05T00:00,진주시,35.2,128.125,20.2,84,21.5,0.0,0.0,0.0,0.0,0,15,9.9,10,30.2
2026-09-04T15:13:05+00:00,2026-09-05T00:00,대구광역시,35.85,128.625,20.5,79,22.3,0.0,0.0,0.0,0.0,0,19,3.9,112,28.8
2026-09-04T16:13:48+00:00,2026-09-05T01:00,진주시,35.2,128.125,19.9,84,21.1,0.0,0.0,0.0,0.0,0,6,9.7,4,27.7
2026-09-04T16:13:48+00:00,2026-09-05T01:00,대구광역시,35.85,128.625,20.2,78,21.8,0.0,0.0,0.0,0.0,1,32,3.2,153,31.0
2026-09-04T17:12:02+00:00,2026-09-05T02:00,진주시,35.2,128.125,19.2,85,19.9,0.0,0.0,0.0,0.0,0,7,10.8,358,29.9
2026-09-04T17:12:02+00:00,2026-09-05T02:00,대구광역시,35.85,128.625,19.9,82,21.9,0.0,0.0,0.0,0.0,1,49,2.3,219,29.9
2026-09-04T18:14:45+00:00,2026-09-05T03:00,진주시,35.2,128.125,19.0,86,19.8,0.0,0.0,0.0,0.0,0,3,10.5,4,32.0
2026-09-04T18:14:45+00:00,2026-09-05T03:00,대구광역시,35.85,128.625,19.5,85,21.4,0.0,0.0,0.0,0.0,1,21,3.1,216,27.4
2026-09-04T19:10:22+00:00,2026-09-05T04:00,진주시,35.2,128.125,19.0,87,19.7,0.0,0.0,0.0,0.0,1,22,11.7,9,32.0
2026-09-04T19:10:22+00:00,2026-09-05T04:00,대구광역시,35.85,128.625,19.2,84,21.0,0.0,0.0,0.0,0.0,1,32,3.3,229,25.9
2026-09-04T20:12:36+00:00,2026-09-05T05:00,진주시,35.2,128.125,19.3,85,19.8,0.0,0.0,0.0,0.0,0,18,13.1,9,29.5
2026-09-04T20:12:37+00:00,2026-09-05T05:00,대구광역시,35.85,128.625,19.0,84,20.7,0.0,0.0,0.0,0.0,1,31,3.2,243,22.3
2026-09-04T21:12:03+00:00,2026-09-05T06:00,진주시,35.2,128.125,19.5,84,20.1,0.0,0.0,0.0,0.0,0,8,12.6,13,28.8
2026-09-04T21:12:04+00:00,2026-09-05T06:00,대구광역시,35.85,128.625,19.0,84,20.7,0.0,0.0,0.0,0.0,1,27,2.8,230,18.0
2026-09-04T22:12:16+00:00,2026-09-05T07:00,진주시,35.2,128.125,20.1,83,21.3,0.0,0.0,0.0,0.0,0,10,9.4,18,29.2
2026-09-04T22:12:17+00:00,2026-09-05T07:00,대구광역시,35.85,128.625,19.5,82,21.4,0.0,0.0,0.0,0.0,0,14,2.1,239,21.2
2026-09-04T23:11:34+00:00,2026-09-05T08:00,진주시,35.2,128.125,22.1,78,23.2,0.0,0.0,0.0,0.0,0,2,12.9,23,36.0
2026-09-04T23:11:34+00:00,2026-09-05T08:00,대구광역시,35.85,128.625,21.4,74,23.3,0.0,0.0,0.0,0.0,1,37,2.8,50,39.6
2026-09-05T00:20:45+00:00,2026-09-05T09:15,진주시,35.2,128.125,24.4,74,25.8,0.0,0.0,0.0,0.0,0,2,15.0,35,39.2
2026-09-05T00:20:45+00:00,2026-09-05T09:15,대구광역시,35.85,128.625,24.0,70,25.7,0.0,0.0,0.0,0.0,1,42,9.4,67,50.8
2026-09-05T01:11:09+00:00,2026-09-05T10:00,진주시,35.2,128.125,25.6,71,27.7,0.0,0.0,0.0,0.0,0,0,16.0,44,49.3
2026-09-05T01:11:10+00:00,2026-09-05T10:00,대구광역시,35.85,128.625,24.7,70,26.2,0.0,0.0,0.0,0.0,2,53,12.4,68,52.6
2026-09-05T02:12:36+00:00,2026-09-05T11:00,진주시,35.2,128.125,27.3,65,30.0,0.0,0.0,0.0,0.0,0,9,16.4,50,49.3
2026-09-05T02:12:37+00:00,2026-09-05T11:00,대구광역시,35.85,128.625,25.7,68,27.2,0.0,0.0,0.0,0.0,1,49,13.9,69,50.4
2026-09-05T03:13:04+00:00,2026-09-05T12:00,진주시,35.2,128.125,28.3,61,31.1,0.0,0.0,0.0,0.0,0,14,16.4,52,52.6
2026-09-05T03:13:04+00:00,2026-09-05T12:00,대구광역시,35.85,128.625,26.4,65,28.0,0.0,0.0,0.0,0.0,1,39,14.5,71,50.8
2026-09-05T04:12:30+00:00,2026-09-05T13:00,진주시,35.2,128.125,28.8,59,31.4,0.0,0.0,0.0,0.0,0,19,16.1,61,53.6
2026-09-05T04:12:30+00:00,2026-09-05T13:00,대구광역시,35.85,128.625,26.3,65,27.7,0.0,0.0,0.0,0.0,2,54,14.3,72,50.4
2026-09-05T05:11:29+00:00,2026-09-05T14:00,진주시,35.2,128.125,28.2,65,30.3,0.0,0.0,0.0,0.0,1,26,15.8,49,53.3
2026-09-05T05:11:29+00:00,2026-09-05T14:00,대구광역시,35.85,128.625,26.0,65,27.4,0.0,0.0,0.0,0.0,2,59,13.6,73,49.0
2026-09-05T06:16:02+00:00,2026-09-05T15:15,진주시,35.2,128.125,27.2,69,29.1,0.0,0.0,0.0,0.0,1,45,17.1,44,51.5
2026-09-05T06:16:03+00:00,2026-09-05T15:15,대구광역시,35.85,128.625,25.9,65,27.2,0.0,0.0,0.0,0.0,1,34,13.7,67,48.2
2026-09-05T07:11:26+00:00,2026-09-05T16:00,진주시,35.2,128.125,26.3,71,28.0,0.0,0.0,0.0,0.0,1,37,17.2,53,53.3
2026-09-05T07:11:26+00:00,2026-09-05T16:00,대구광역시,35.85,128.625,25.4,66,26.6,0.0,0.0,0.0,0.0,1,32,13.9,69,46.8
2026-09-05T08:12:58+00:00,2026-09-05T17:00,진주시,35.2,128.125,25.6,71,27.2,0.0,0.0,0.0,0.0,1,26,15.8,45,53.3
2026-09-05T08:12:59+00:00,2026-09-05T17:00,대구광역시,35.85,128.625,25.1,65,26.3,0.0,0.0,0.0,0.0,1,27,12.4,60,48.2
2026-09-05T09:12:13+00:00,2026-09-05T18:00,진주시,35.2,128.125,24.6,73,26.2,0.0,0.0,0.0,0.0,1,29,14.0,35,50.0
2026-09-05T09:12:13+00:00,2026-09-05T18:00,대구광역시,35.85,128.625,24.4,66,25.8,0.0,0.0,0.0,0.0,0,9,9.4,58,49.0
2026-09-05T10:11:43+00:00,2026-09-05T19:00,진주시,35.2,128.125,23.4,74,24.7,0.0,0.0,0.0,0.0,1,30,12.6,27,47.2
2026-09-05T10:11:43+00:00,2026-09-05T19:00,대구광역시,35.85,128.625,23.2,69,24.9,0.0,0.0,0.0,0.0,0,15,5.4,53,36.0
2026-09-05T11:11:34+00:00,2026-09-05T20:00,진주시,35.2,128.125,22.5,76,23.9,0.0,0.0,0.0,0.0,1,26,10.2,23,41.4
2026-09-05T11:11:35+00:00,2026-09-05T20:00,대구광역시,35.85,128.625,22.8,72,24.7,0.0,0.0,0.0,0.0,0,14,5.0,30,29.2
2026-09-05T12:15:20+00:00,2026-09-05T21:15,진주시,35.2,128.125,21.8,80,23.4,0.0,0.0,0.0,0.0,1,35,9.7,15,35.3
2026-09-05T12:15:21+00:00,2026-09-05T21:15,대구광역시,35.85,128.625,21.8,82,24.6,0.0,0.0,0.0,0.0,1,43,2.5,98,24.1
2026-09-05T13:11:37+00:00,2026-09-05T22:00,진주시,35.2,128.125,21.4,81,22.8,0.0,0.0,0.0,0.0,1,29,10.9,9,34.6
2026-09-05T13:11:38+00:00,2026-09-05T22:00,대구광역시,35.85,128.625,21.6,81,24.3,0.0,0.0,0.0,0.0,2,63,2.2,180,28.8
2026-09-05T14:11:33+00:00,2026-09-05T23:00,진주시,35.2,128.125,21.2,81,22.5,0.0,0.0,0.0,0.0,1,26,10.7,12,33.1
2026-09-05T14:11:34+00:00,2026-09-05T23:00,대구광역시,35.85,128.625,21.4,81,23.8,0.0,0.0,0.0,0.0,1,49,3.3,276,23.4
2026-09-05T15:11:58+00:00,2026-09-06T00:00,진주시,35.2,128.125,20.9,83,22.3,0.0,0.0,0.0,0.0,0,15,10.2,10,30.6
2026-09-05T15:11:58+00:00,2026-09-06T00:00,대구광역시,35.85,128.625,21.5,79,23.7,0.0,0.0,0.0,0.0,1,45,4.0,265,15.8
2026-09-05T16:12:39+00:00,2026-09-06T01:00,진주시,35.2,128.125,20.7,84,22.1,0.0,0.0,0.0,0.0,1,40,10.2,8,31.3
2026-09-05T16:12:40+00:00,2026-09-06T01:00,대구광역시,35.85,128.625,21.1,81,23.4,0.0,0.0,0.0,0.0,2,62,3.3,264,13.7
2026-09-05T17:11:29+00:00,2026-09-06T02:00,진주시,35.2,128.125,20.6,85,22.0,0.0,0.0,0.0,0.0,1,35,10.5,8,31.7
2026-09-05T17:11:30+00:00,2026-09-06T02:00,대구광역시,35.85,128.625,20.8,82,23.1,0.0,0.0,0.0,0.0,1,43,2.9,263,13.3
2026-09-05T18:13:56+00:00,2026-09-06T03:00,진주시,35.2,128.125,20.7,85,22.4,0.0,0.0,0.0,0.0,1,33,9.3,13,30.6
2026-09-05T18:13:56+00:00,2026-09-06T03:00,대구광역시,35.85,128.625,20.7,82,22.9,0.0,0.0,0.0,0.0,1,38,2.8,220,13.3
2026-09-05T19:11:04+00:00,2026-09-06T04:00,진주시,35.2,128.125,20.7,84,21.9,0.0,0.0,0.0,0.0,1,39,11.4,11,31.7
2026-09-05T19:11:04+00:00,2026-09-06T04:00,대구광역시,35.85,128.625,20.3,83,22.4,0.0,0.0,0.0,0.0,1,46,3.4,252,17.3
2026-09-05T20:12:47+00:00,2026-09-06T05:00,진주시,35.2,128.125,20.5,84,21.6,0.0,0.0,0.0,0.0,1,30,11.8,12,33.1
2026-09-05T20:12:47+00:00,2026-09-06T05:00,대구광역시,35.85,128.625,20.0,85,22.2,0.0,0.0,0.0,0.0,1,48,3.2,243,24.8
2026-09-05T21:11:51+00:00,2026-09-06T06:00,진주시,35.2,128.125,20.4,84,21.5,0.0,0.0,0.0,0.0,0,17,11.3,7,33.8
2026-09-05T21:11:52+00:00,2026-09-06T06:00,대구광역시,35.85,128.625,20.2,84,22.3,0.0,0.0,0.0,0.0,2,60,3.4,238,24.5
2026-09-05T22:11:59+00:00,2026-09-06T07:00,진주시,35.2,128.125,20.8,84,22.0,0.0,0.0,0.0,0.0,1,23,12.0,9,36.0
2026-09-05T22:11:59+00:00,2026-09-06T07:00,대구광역시,35.85,128.625,20.5,83,22.8,0.0,0.0,0.0,0.0,1,47,2.9,270,21.6
2026-09-05T23:11:27+00:00,2026-09-06T08:00,진주시,35.2,128.125,22.3,79,23.5,0.0,0.0,0.0,0.0,1,34,13.0,14,39.6
2026-09-05T23:11:28+00:00,2026-09-06T08:00,대구광역시,35.85,128.625,22.8,72,24.8,0.0,0.0,0.0,0.0,0,19,4.8,27,31.7
2026-09-06T00:22:25+00:00,2026-09-06T09:15,진주시,35.2,128.125,24.2,74,25.5,0.0,0.0,0.0,0.0,1,32,15.5,28,44.6
2026-09-06T00:22:26+00:00,2026-09-06T09:15,대구광역시,35.85,128.625,25.0,66,26.3,0.0,0.0,0.0,0.0,1,26,11.4,55,49.0
2026-09-06T01:10:59+00:00,2026-09-06T10:00,진주시,35.2,128.125,25.0,72,26.2,0.0,0.0,0.0,0.0,1,36,16.6,30,53.6
2026-09-06T01:11:00+00:00,2026-09-06T10:00,대구광역시,35.85,128.625,26.1,58,26.8,0.0,0.0,0.0,0.0,1,23,12.4,60,50.4
2026-09-06T02:13:01+00:00,2026-09-06T11:00,진주시,35.2,128.125,26.0,69,27.4,0.0,0.0,0.0,0.0,1,36,18.1,35,54.4
2026-09-06T02:13:01+00:00,2026-09-06T11:00,대구광역시,35.85,128.625,25.8,63,26.8,0.0,0.0,0.0,0.0,2,65,13.7,63,55.1
2026-09-06T03:13:10+00:00,2026-09-06T12:00,진주시,35.2,128.125,27.2,66,29.2,0.0,0.0,0.0,0.0,1,24,18.6,41,55.8
2026-09-06T03:13:10+00:00,2026-09-06T12:00,대구광역시,35.85,128.625,25.7,65,26.9,0.0,0.0,0.0,0.0,2,70,13.5,65,54.7
2026-09-06T04:13:08+00:00,2026-09-06T13:00,진주시,35.2,128.125,27.6,67,29.7,0.0,0.0,0.0,0.0,1,45,19.0,37,54.0
2026-09-06T04:13:08+00:00,2026-09-06T13:00,대구광역시,35.85,128.625,26.1,62,27.2,0.0,0.0,0.0,0.0,2,61,13.2,61,52.9
2026-09-06T05:11:48+00:00,2026-09-06T14:00,진주시,35.2,128.125,27.2,68,29.0,0.0,0.0,0.0,0.0,1,21,17.6,31,53.3
2026-09-06T05:11:48+00:00,2026-09-06T14:00,대구광역시,35.85,128.625,26.7,60,27.8,0.0,0.0,0.0,0.0,1,40,13.2,61,48.2
2026-09-06T06:15:56+00:00,2026-09-06T15:15,진주시,35.2,128.125,27.5,65,28.9,0.0,0.0,0.0,0.0,1,32,18.7,34,57.2
2026-09-06T06:15:56+00:00,2026-09-06T15:15,대구광역시,35.85,128.625,26.2,62,27.3,0.0,0.0,0.0,0.0,2,52,13.3,57,50.8
2026-09-06T07:11:49+00:00,2026-09-06T16:00,진주시,35.2,128.125,26.5,69,27.9,0.0,0.0,0.0,0.0,1,33,18.0,37,56.5
2026-09-06T07:11:50+00:00,2026-09-06T16:00,대구광역시,35.85,128.625,25.8,63,27.0,0.0,0.0,0.0,0.0,2,58,11.8,59,50.0
2026-09-06T08:14:00+00:00,2026-09-06T17:00,진주시,35.2,128.125,25.5,72,26.8,0.0,0.0,0.0,0.0,1,26,17.9,34,51.1
2026-09-06T08:14:00+00:00,2026-09-06T17:00,대구광역시,35.85,128.625,25.1,65,26.2,0.0,0.0,0.0,0.0,1,34,12.8,52,46.4
2026-09-06T09:12:57+00:00,2026-09-06T18:00,진주시,35.2,128.125,24.3,74,25.6,0.0,0.0,0.0,0.0,1,21,15.0,35,50.8
2026-09-06T09:12:58+00:00,2026-09-06T18:00,대구광역시,35.85,128.625,24.3,66,25.4,0.0,0.0,0.0,0.0,1,20,10.8,53,41.0
2026-09-06T10:12:41+00:00,2026-09-06T19:00,진주시,35.2,128.125,23.2,76,24.6,0.0,0.0,0.0,0.0,1,24,13.2,29,47.5
2026-09-06T10:12:42+00:00,2026-09-06T19:00,대구광역시,35.85,128.625,23.1,68,24.4,0.0,0.0,0.0,0.0,1,26,7.6,45,36.7
2026-09-06T11:11:50+00:00,2026-09-06T20:00,진주시,35.2,128.125,22.7,75,23.8,0.0,0.0,0.0,0.0,1,33,12.6,20,40.3
2026-09-06T11:11:51+00:00,2026-09-06T20:00,대구광역시,35.85,128.625,22.6,68,24.1,0.0,0.0,0.0,0.0,1,36,4.9,36,27.7
2026-09-06T12:15:55+00:00,2026-09-06T21:15,진주시,35.2,128.125,22.1,76,23.0,0.0,0.0,0.0,0.0,1,41,13.1,9,37.4
2026-09-06T12:15:55+00:00,2026-09-06T21:15,대구광역시,35.85,128.625,22.2,72,24.1,0.0,0.0,0.0,0.0,1,32,3.3,6,25.6
2026-09-06T13:12:06+00:00,2026-09-06T22:00,진주시,35.2,128.125,21.6,77,22.5,0.0,0.0,0.0,0.0,2,59,12.3,3,35.6
2026-09-06T13:12:06+00:00,2026-09-06T22:00,대구광역시,35.85,128.625,21.8,75,23.9,0.0,0.0,0.0,0.0,1,31,2.9,300,25.9
2026-09-06T14:12:23+00:00,2026-09-06T23:00,진주시,35.2,128.125,21.3,78,22.2,0.0,0.0,0.0,0.0,1,47,11.9,360,32.4
2026-09-06T14:12:24+00:00,2026-09-06T23:00,대구광역시,35.85,128.625,21.5,77,23.4,0.0,0.0,0.0,0.0,1,37,4.4,305,22.0
2026-09-06T15:12:07+00:00,2026-09-07T00:00,진주시,35.2,128.125,21.0,80,21.9,0.0,0.0,0.0,0.0,1,38,12.6,358,31.7
2026-09-06T15:12:08+00:00,2026-09-07T00:00,대구광역시,35.85,128.625,21.1,79,22.9,0.0,0.0,0.0,0.0,1,32,5.0,291,19.4
2026-09-06T16:13:16+00:00,2026-09-07T01:00,진주시,35.2,128.125,20.9,81,21.7,0.0,0.0,0.0,0.0,1,37,13.3,2,30.2
2026-09-06T16:13:17+00:00,2026-09-07T01:00,대구광역시,35.85,128.625,20.7,80,22.5,0.0,0.0,0.0,0.0,1,35,4.9,287,13.0
2026-09-06T17:11:19+00:00,2026-09-07T02:00,진주시,35.2,128.125,20.8,81,21.7,0.0,0.0,0.0,0.0,1,33,12.7,8,32.0
2026-09-06T17:11:20+00:00,2026-09-07T02:00,대구광역시,35.85,128.625,20.4,81,22.2,0.0,0.0,0.0,0.0,1,30,4.3,275,8.3
2026-09-06T18:14:30+00:00,2026-09-07T03:00,진주시,35.2,128.125,20.7,81,21.5,0.0,0.0,0.0,0.0,1,34,12.1,10,32.0
2026-09-06T18:14:30+00:00,2026-09-07T03:00,대구광역시,35.85,128.625,20.0,82,21.8,0.0,0.0,0.0,0.0,1,22,4.0,260,8.6
2026-09-06T19:11:08+00:00,2026-09-07T04:00,진주시,35.2,128.125,20.3,84,21.3,0.0,0.0,0.0,0.0,1,39,11.5,358,29.5
2026-09-06T19:11:09+00:00,2026-09-07T04:00,대구광역시,35.85,128.625,19.1,87,20.9,0.0,0.0,0.0,0.0,1,47,4.8,257,8.3
2026-09-06T20:12:49+00:00,2026-09-07T05:00,진주시,35.2,128.125,20.2,85,21.4,0.0,0.0,0.0,0.0,1,37,10.1,2,29.2
2026-09-06T20:12:50+00:00,2026-09-07T05:00,대구광역시,35.85,128.625,19.0,87,20.7,0.0,0.0,0.0,0.0,2,60,4.9,253,7.2
2026-09-06T21:11:52+00:00,2026-09-07T06:00,진주시,35.2,128.125,19.9,86,21.2,0.0,0.0,0.0,0.0,1,22,9.4,2,32.0
2026-09-06T21:11:53+00:00,2026-09-07T06:00,대구광역시,35.85,128.625,18.8,88,20.5,0.0,0.0,0.0,0.0,0,19,5.0,249,6.8
2026-09-06T22:11:56+00:00,2026-09-07T07:00,진주시,35.2,128.125,20.1,86,21.5,0.0,0.0,0.0,0.0,0,11,9.7,4,30.6
2026-09-06T22:11:57+00:00,2026-09-07T07:00,대구광역시,35.85,128.625,19.2,86,20.9,0.0,0.0,0.0,0.0,0,19,4.1,255,9.0
2026-09-06T23:11:27+00:00,2026-09-07T08:00,진주시,35.2,128.125,21.5,81,22.6,0.0,0.0,0.0,0.0,0,8,12.7,8,35.3
2026-09-06T23:11:27+00:00,2026-09-07T08:00,대구광역시,35.85,128.625,20.8,79,22.9,0.0,0.0,0.0,0.0,0,12,2.3,309,9.7
2026-09-07T00:22:16+00:00,2026-09-07T09:15,진주시,35.2,128.125,23.9,76,25.3,0.0,0.0,0.0,0.0,0,6,14.6,20,40.3
2026-09-07T00:22:16+00:00,2026-09-07T09:15,대구광역시,35.85,128.625,23.9,65,25.4,0.0,0.0,0.0,0.0,0,3,6.6,45,29.5
2026-09-07T01:12:07+00:00,2026-09-07T10:00,진주시,35.2,128.125,24.8,73,26.7,0.0,0.0,0.0,0.0,0,5,15.4,21,38.9
2026-09-07T01:12:07+00:00,2026-09-07T10:00,대구광역시,35.85,128.625,25.2,62,27.0,0.0,0.0,0.0,0.0,0,14,8.9,50,33.1
2026-09-07T02:12:57+00:00,2026-09-07T11:00,진주시,35.2,128.125,26.1,69,29.0,0.0,0.0,0.0,0.0,0,3,15.3,24,42.5
2026-09-07T02:12:58+00:00,2026-09-07T11:00,대구광역시,35.85,128.625,26.2,60,28.6,0.0,0.0,0.0,0.0,1,21,9.2,45,33.1
2026-09-07T03:13:54+00:00,2026-09-07T12:00,진주시,35.2,128.125,27.2,65,30.6,0.0,0.0,0.0,0.0,0,2,15.0,24,41.8
2026-09-07T03:13:54+00:00,2026-09-07T12:00,대구광역시,35.85,128.625,26.9,57,29.4,0.0,0.0,0.0,0.0,1,24,9.4,47,31.3
2026-09-07T04:13:48+00:00,2026-09-07T13:00,진주시,35.2,128.125,28.0,62,31.5,0.0,0.0,0.0,0.0,0,1,14.0,23,38.2
2026-09-07T04:13:49+00:00,2026-09-07T13:00,대구광역시,35.85,128.625,27.5,55,29.8,0.0,0.0,0.0,0.0,1,23,10.1,55,31.0
2026-09-07T05:12:36+00:00,2026-09-07T14:00,진주시,35.2,128.125,28.5,60,31.7,0.0,0.0,0.0,0.0,0,3,14.1,19,34.6
2026-09-07T05:12:37+00:00,2026-09-07T14:00,대구광역시,35.85,128.625,27.9,52,30.0,0.0,0.0,0.0,0.0,0,14,10.2,58,30.6
2026-09-07T06:18:59+00:00,2026-09-07T15:15,진주시,35.2,128.125,28.6,60,31.0,0.0,0.0,0.0,0.0,0,7,13.2,22,33.5
2026-09-07T06:18:59+00:00,2026-09-07T15:15,대구광역시,35.85,128.625,27.9,51,29.0,0.0,0.0,0.0,0.0,0,16,10.0,64,29.5
2026-09-07T07:15:09+00:00,2026-09-07T16:15,진주시,35.2,128.125,28.1,61,30.4,0.0,0.0,0.0,0.0,0,14,10.9,27,31.3
2026-09-07T07:15:10+00:00,2026-09-07T16:15,대구광역시,35.85,128.625,27.1,56,28.3,0.0,0.0,0.0,0.0,0,18,10.0,75,32.4
2026-09-07T08:15:12+00:00,2026-09-07T17:15,진주시,35.2,128.125,27.1,64,29.6,0.0,0.0,0.0,0.0,0,17,8.7,45,32.8
2026-09-07T08:15:13+00:00,2026-09-07T17:15,대구광역시,35.85,128.625,26.1,59,27.4,0.0,0.0,0.0,0.0,0,12,9.4,83,33.1
2026-09-07T09:14:39+00:00,2026-09-07T18:00,진주시,35.2,128.125,25.6,70,28.2,0.0,0.0,0.0,0.0,0,18,7.7,62,32.8
2026-09-07T09:14:39+00:00,2026-09-07T18:00,대구광역시,35.85,128.625,24.8,62,25.9,0.0,0.0,0.0,0.0,0,5,9.0,92,38.5
2026-09-07T10:13:33+00:00,2026-09-07T19:00,진주시,35.2,128.125,23.5,75,25.5,0.0,0.0,0.0,0.0,0,12,8.4,70,42.1
2026-09-07T10:13:34+00:00,2026-09-07T19:00,대구광역시,35.85,128.625,22.8,68,23.8,0.0,0.0,0.0,0.0,0,0,8.4,100,40.0
2026-09-07T11:13:33+00:00,2026-09-07T20:00,진주시,35.2,128.125,22.3,77,23.8,0.0,0.0,0.0,0.0,0,5,9.8,62,42.1
2026-09-07T11:13:33+00:00,2026-09-07T20:00,대구광역시,35.85,128.625,21.6,73,22.8,0.0,0.0,0.0,0.0,0,0,7.2,96,34.6
2026-09-07T12:17:59+00:00,2026-09-07T21:15,진주시,35.2,128.125,20.8,81,22.3,0.0,0.0,0.0,0.0,0,0,8.2,41,32.8
2026-09-07T12:17:59+00:00,2026-09-07T21:15,대구광역시,35.85,128.625,20.8,75,22.2,0.0,0.0,0.0,0.0,0,0,5.6,105,28.4
2026-09-07T13:14:43+00:00,2026-09-07T22:00,진주시,35.2,128.125,19.8,83,21.1,0.0,0.0,0.0,0.0,0,0,7.2,18,31.7
2026-09-07T13:14:43+00:00,2026-09-07T22:00,대구광역시,35.85,128.625,20.4,77,21.9,0.0,0.0,0.0,0.0,0,0,4.7,122,21.6
2026-09-07T14:14:16+00:00,2026-09-07T23:00,진주시,35.2,128.125,18.8,86,20.0,0.0,0.0,0.0,0.0,0,0,6.8,3,25.9
2026-09-07T14:14:17+00:00,2026-09-07T23:00,대구광역시,35.85,128.625,20.0,79,21.6,0.0,0.0,0.0,0.0,0,0,3.3,167,14.8
2026-09-07T15:13:20+00:00,2026-09-08T00:00,진주시,35.2,128.125,18.2,88,19.2,0.0,0.0,0.0,0.0,0,0,7.9,360,20.2
2026-09-07T15:13:21+00:00,2026-09-08T00:00,대구광역시,35.85,128.625,19.5,80,21.0,0.0,0.0,0.0,0.0,0,1,3.7,241,4.3
2026-09-07T16:13:17+00:00,2026-09-08T01:00,진주시,35.2,128.125,17.9,89,18.8,0.0,0.0,0.0,0.0,0,0,8.3,5,16.9
2026-09-07T16:13:17+00:00,2026-09-08T01:00,대구광역시,35.85,128.625,19.0,82,20.3,0.0,0.0,0.0,0.0,0,5,4.7,247,5.4
2026-09-07T17:12:12+00:00,2026-09-08T02:00,진주시,35.2,128.125,17.4,91,18.3,0.0,0.0,0.0,0.0,0,0,7.9,360,16.2
2026-09-07T17:12:13+00:00,2026-09-08T02:00,대구광역시,35.85,128.625,18.7,84,20.1,0.0,0.0,0.0,0.0,0,10,3.9,236,5.8
2026-09-07T18:15:21+00:00,2026-09-08T03:15,진주시,35.2,128.125,17.1,91,17.8,0.0,0.0,0.0,0.0,0,0,8.3,358,16.9
2026-09-07T18:15:21+00:00,2026-09-08T03:15,대구광역시,35.85,128.625,18.1,87,19.5,0.0,0.0,0.0,0.0,0,6,4.0,243,5.8
2026-09-07T19:11:52+00:00,2026-09-08T04:00,진주시,35.2,128.125,17.0,91,17.6,0.0,0.0,0.0,0.0,0,8,8.6,2,15.8
2026-09-07T19:11:53+00:00,2026-09-08T04:00,대구광역시,35.85,128.625,17.5,89,18.8,0.0,0.0,0.0,0.0,0,8,4.5,241,4.7
2026-09-07T20:13:19+00:00,2026-09-08T05:00,진주시,35.2,128.125,17.0,90,17.5,0.0,0.0,0.0,0.0,0,8,8.7,7,16.2
2026-09-07T20:13:19+00:00,2026-09-08T05:00,대구광역시,35.85,128.625,17.4,89,18.6,0.0,0.0,0.0,0.0,0,3,4.7,238,5.0
2026-09-07T21:12:55+00:00,2026-09-08T06:00,진주시,35.2,128.125,16.5,91,17.2,0.0,0.0,0.0,0.0,0,8,6.9,9,16.6
2026-09-07T21:12:56+00:00,2026-09-08T06:00,대구광역시,35.85,128.625,17.2,90,18.4,0.0,0.0,0.0,0.0,0,1,4.6,225,4.7
2026-09-07T22:12:56+00:00,2026-09-08T07:00,진주시,35.2,128.125,17.2,90,18.2,0.0,0.0,0.0,0.0,0,10,6.5,3,17.6
2026-09-07T22:12:56+00:00,2026-09-08T07:00,대구광역시,35.85,128.625,17.6,89,19.1,0.0,0.0,0.0,0.0,0,1,3.5,246,7.9
2026-09-07T23:12:45+00:00,2026-09-08T08:00,진주시,35.2,128.125,19.2,84,20.3,0.0,0.0,0.0,0.0,0,11,8.5,12,21.6
2026-09-07T23:12:45+00:00,2026-09-08T08:00,대구광역시,35.85,128.625,19.0,84,20.7,0.0,0.0,0.0,0.0,0,3,2.6,254,9.4
2026-09-08T00:21:48+00:00,2026-09-08T09:15,진주시,35.2,128.125,22.4,78,24.1,0.0,0.0,0.0,0.0,0,14,10.0,13,30.6
2026-09-08T00:21:48+00:00,2026-09-08T09:15,대구광역시,35.85,128.625,21.5,75,23.8,0.0,0.0,0.0,0.0,0,3,0.8,297,12.2
2026-09-08T01:12:35+00:00,2026-09-08T10:00,진주시,35.2,128.125,24.0,73,26.3,0.0,0.0,0.0,0.0,0,6,10.7,14,31.0
2026-09-08T01:12:36+00:00,2026-09-08T10:00,대구광역시,35.85,128.625,23.0,70,26.0,0.0,0.0,0.0,0.0,0,0,2.3,51,16.9
2026-09-08T02:13:30+00:00,2026-09-08T11:00,진주시,35.2,128.125,25.7,68,29.0,0.0,0.0,0.0,0.0,0,4,10.6,18,33.1
2026-09-08T02:13:31+00:00,2026-09-08T11:00,대구광역시,35.85,128.625,24.9,64,28.7,0.0,0.0,0.0,0.0,0,2,3.6,37,20.2
2026-09-08T03:13:20+00:00,2026-09-08T12:00,진주시,35.2,128.125,27.0,63,30.5,0.0,0.0,0.0,0.0,0,5,11.3,17,33.5
2026-09-08T03:13:21+00:00,2026-09-08T12:00,대구광역시,35.85,128.625,26.3,58,30.1,0.0,0.0,0.0,0.0,0,13,4.0,27,23.4
2026-09-08T04:13:43+00:00,2026-09-08T13:00,진주시,35.2,128.125,27.9,59,31.4,0.0,0.0,0.0,0.0,0,2,11.5,20,32.0
2026-09-08T04:13:44+00:00,2026-09-08T13:00,대구광역시,35.85,128.625,27.4,55,30.9,0.0,0.0,0.0,0.0,0,14,4.7,32,27.0
2026-09-08T05:13:01+00:00,2026-09-08T14:00,진주시,35.2,128.125,28.3,59,31.7,0.0,0.0,0.0,0.0,0,2,10.7,33,30.2
2026-09-08T05:13:01+00:00,2026-09-08T14:00,대구광역시,35.85,128.625,28.2,53,30.8,0.0,0.0,0.0,0.0,0,18,7.2,63,29.9
2026-09-08T06:17:25+00:00,2026-09-08T15:15,진주시,35.2,128.125,28.5,59,31.0,0.0,0.0,0.0,0.0,0,2,11.5,32,30.2
2026-09-08T06:17:25+00:00,2026-09-08T15:15,대구광역시,35.85,128.625,28.3,53,29.8,0.0,0.0,0.0,0.0,0,16,9.3,74,31.3
2026-09-08T07:14:14+00:00,2026-09-08T16:00,진주시,35.2,128.125,28.1,59,30.1,0.0,0.0,0.0,0.0,0,0,10.6,28,30.6
2026-09-08T07:14:14+00:00,2026-09-08T16:00,대구광역시,35.85,128.625,27.7,55,29.0,0.0,0.0,0.0,0.0,0,18,10.2,82,36.7
2026-09-08T08:15:08+00:00,2026-09-08T17:15,진주시,35.2,128.125,27.1,64,29.7,0.0,0.0,0.0,0.0,0,2,7.7,28,30.6
2026-09-08T08:15:08+00:00,2026-09-08T17:15,대구광역시,35.85,128.625,26.3,60,27.7,0.0,0.0,0.0,0.0,0,17,9.8,84,40.7
2026-09-08T09:14:20+00:00,2026-09-08T18:00,진주시,35.2,128.125,25.6,72,28.7,0.0,0.0,0.0,0.0,0,11,6.5,19,35.6
2026-09-08T09:14:20+00:00,2026-09-08T18:00,대구광역시,35.85,128.625,25.1,67,27.0,0.0,0.0,0.0,0.0,0,4,8.6,88,40.3
2026-09-08T10:14:32+00:00,2026-09-08T19:00,진주시,35.2,128.125,23.7,80,26.6,0.0,0.0,0.0,0.0,1,21,6.9,51,42.8
2026-09-08T10:14:32+00:00,2026-09-08T19:00,대구광역시,35.85,128.625,23.5,73,25.6,0.0,0.0,0.0,0.0,0,5,6.5,93,37.1
2026-09-08T11:13:12+00:00,2026-09-08T20:00,진주시,35.2,128.125,22.6,80,24.7,0.0,0.0,0.0,0.0,0,15,8.7,52,39.6
2026-09-08T11:13:12+00:00,2026-09-08T20:00,대구광역시,35.85,128.625,22.6,75,24.7,0.0,0.0,0.0,0.0,1,22,5.4,86,26.6
2026-09-08T12:17:47+00:00,2026-09-08T21:15,진주시,35.2,128.125,21.5,85,23.6,0.0,0.0,0.0,0.0,0,11,7.9,30,36.4
2026-09-08T12:17:48+00:00,2026-09-08T21:15,대구광역시,35.85,128.625,22.0,74,24.1,0.0,0.0,0.0,0.0,0,13,3.1,111,18.0
2026-09-08T13:15:26+00:00,2026-09-08T22:15,진주시,35.2,128.125,20.5,88,22.5,0.0,0.0,0.0,0.0,0,5,7.5,17,32.4
2026-09-08T13:15:27+00:00,2026-09-08T22:15,대구광역시,35.85,128.625,21.5,78,23.7,0.0,0.0,0.0,0.0,0,7,2.9,187,17.6
2026-09-08T14:15:30+00:00,2026-09-08T23:15,진주시,35.2,128.125,19.8,89,21.7,0.0,0.0,0.0,0.0,0,4,6.9,9,26.3
2026-09-08T14:15:31+00:00,2026-09-08T23:15,대구광역시,35.85,128.625,21.0,79,23.1,0.0,0.0,0.0,0.0,0,2,2.6,196,15.1
2026-09-08T15:14:52+00:00,2026-09-09T00:00,진주시,35.2,128.125,19.3,90,21.0,0.0,0.0,0.0,0.0,0,2,7.2,3,23.4
2026-09-08T15:14:53+00:00,2026-09-09T00:00,대구광역시,35.85,128.625,20.7,79,22.6,0.0,0.0,0.0,0.0,0,4,3.2,243,11.9
2026-09-08T16:15:05+00:00,2026-09-09T01:15,진주시,35.2,128.125,18.8,91,20.3,0.0,0.0,0.0,0.0,0,2,7.9,357,23.4
2026-09-08T16:15:05+00:00,2026-09-09T01:15,대구광역시,35.85,128.625,20.0,83,22.1,0.0,0.0,0.0,0.0,1,22,2.9,270,10.1
2026-09-08T17:13:23+00:00,2026-09-09T02:00,진주시,35.2,128.125,19.0,88,19.9,0.0,0.0,0.0,0.0,0,10,10.4,2,23.4
2026-09-08T17:13:24+00:00,2026-09-09T02:00,대구광역시,35.85,128.625,20.0,84,22.0,0.0,0.0,0.0,0.0,1,37,4.2,290,10.4
2026-09-08T18:16:09+00:00,2026-09-09T03:15,진주시,35.2,128.125,18.8,88,19.7,0.0,0.0,0.0,0.0,0,13,9.7,2,23.4
2026-09-08T18:16:10+00:00,2026-09-09T03:15,대구광역시,35.85,128.625,19.9,86,22.0,0.0,0.0,0.0,0.0,1,40,3.7,299,11.9
2026-09-08T19:12:15+00:00,2026-09-09T04:00,진주시,35.2,128.125,18.8,89,19.8,0.0,0.0,0.0,0.0,1,29,10.1,2,25.9
2026-09-08T19:12:16+00:00,2026-09-09T04:00,대구광역시,35.85,128.625,19.6,87,21.7,0.0,0.0,0.0,0.0,1,32,4.1,322,17.6
2026-09-08T20:13:13+00:00,2026-09-09T05:00,진주시,35.2,128.125,18.9,90,20.2,0.0,0.0,0.0,0.0,1,26,9.4,4,32.8
2026-09-08T20:13:14+00:00,2026-09-09T05:00,대구광역시,35.85,128.625,19.9,80,21.6,0.0,0.0,0.0,0.0,0,17,2.8,40,16.6
2026-09-08T21:11:54+00:00,2026-09-09T06:00,진주시,35.2,128.125,19.1,88,20.0,0.0,0.0,0.0,0.0,1,20,11.2,6,32.0
2026-09-08T21:11:55+00:00,2026-09-09T06:00,대구광역시,35.85,128.625,19.5,78,21.0,0.0,0.0,0.0,0.0,0,11,2.3,72,16.6
2026-09-08T22:13:06+00:00,2026-09-09T07:00,진주시,35.2,128.125,19.5,85,20.2,0.0,0.0,0.0,0.0,0,11,11.7,9,30.6
2026-09-08T22:13:06+00:00,2026-09-09T07:00,대구광역시,35.85,128.625,19.8,74,21.4,0.0,0.0,0.0,0.0,0,7,0.8,153,22.7
2026-09-08T23:12:27+00:00,2026-09-09T08:00,진주시,35.2,128.125,20.7,78,20.9,0.0,0.0,0.0,0.0,0,4,14.5,14,38.9
2026-09-08T23:12:28+00:00,2026-09-09T08:00,대구광역시,35.85,128.625,20.9,67,21.4,0.0,0.0,0.0,0.0,0,9,6.4,47,27.4
2026-09-09T00:22:09+00:00,2026-09-09T09:15,진주시,35.2,128.125,22.5,72,22.6,0.0,0.0,0.0,0.0,0,6,16.4,26,47.2
2026-09-09T00:22:10+00:00,2026-09-09T09:15,대구광역시,35.85,128.625,22.8,63,22.9,0.0,0.0,0.0,0.0,0,16,11.3,59,45.4
2026-09-09T01:12:22+00:00,2026-09-09T10:00,진주시,35.2,128.125,23.2,70,23.9,0.0,0.0,0.0,0.0,0,8,16.6,27,55.4
2026-09-09T01:12:22+00:00,2026-09-09T10:00,대구광역시,35.85,128.625,23.4,61,23.5,0.0,0.0,0.0,0.0,1,23,12.3,58,48.2
2026-09-09T02:13:17+00:00,2026-09-09T11:00,진주시,35.2,128.125,24.5,68,25.8,0.0,0.0,0.0,0.0,0,13,17.6,31,53.6
2026-09-09T02:13:18+00:00,2026-09-09T11:00,대구광역시,35.85,128.625,24.0,60,24.4,0.0,0.0,0.0,0.0,1,30,13.3,57,49.0
2026-09-09T03:13:37+00:00,2026-09-09T12:00,진주시,35.2,128.125,25.4,65,27.0,0.0,0.0,0.0,0.0,0,19,18.0,33,50.4
2026-09-09T03:13:37+00:00,2026-09-09T12:00,대구광역시,35.85,128.625,24.5,57,25.0,0.0,0.0,0.0,0.0,1,27,13.7,55,48.6
2026-09-09T04:13:28+00:00,2026-09-09T13:00,진주시,35.2,128.125,25.8,64,27.2,0.0,0.0,0.0,0.0,1,28,17.8,36,50.4
2026-09-09T04:13:28+00:00,2026-09-09T13:00,대구광역시,35.85,128.625,24.7,57,25.0,0.0,0.0,0.0,0.0,1,38,13.5,56,45.0
2026-09-09T05:12:35+00:00,2026-09-09T14:00,진주시,35.2,128.125,25.7,64,26.6,0.0,0.0,0.0,0.0,1,36,16.8,42,50.0
2026-09-09T05:12:35+00:00,2026-09-09T14:00,대구광역시,35.85,128.625,24.4,58,24.4,0.0,0.0,0.0,0.0,1,47,13.2,64,42.5
2026-09-09T06:17:32+00:00,2026-09-09T15:15,진주시,35.2,128.125,24.8,66,25.5,0.0,0.0,0.0,0.0,1,38,15.5,46,47.2
2026-09-09T06:17:32+00:00,2026-09-09T15:15,대구광역시,35.85,128.625,23.8,59,23.7,0.0,0.0,0.0,0.0,1,46,12.8,68,40.7
2026-09-09T07:14:27+00:00,2026-09-09T16:00,진주시,35.2,128.125,24.1,69,24.7,0.0,0.0,0.0,0.0,1,37,16.3,45,49.7
2026-09-09T07:14:27+00:00,2026-09-09T16:00,대구광역시,35.85,128.625,23.1,61,23.0,0.0,0.0,0.0,0.0,1,48,12.6,66,43.6
2026-09-09T08:14:33+00:00,2026-09-09T17:00,진주시,35.2,128.125,23.1,71,23.6,0.0,0.0,0.0,0.0,1,37,15.5,44,49.7
2026-09-09T08:14:34+00:00,2026-09-09T17:00,대구광역시,35.85,128.625,22.5,61,22.3,0.0,0.0,0.0,0.0,1,33,11.8,63,43.6
2026-09-09T09:13:59+00:00,2026-09-09T18:00,진주시,35.2,128.125,22.0,74,22.5,0.0,0.0,0.0,0.0,1,28,14.0,44,48.6
2026-09-09T09:14:00+00:00,2026-09-09T18:00,대구광역시,35.85,128.625,21.4,63,21.3,0.0,0.0,0.0,0.0,1,22,10.0,60,41.0
2026-09-09T10:14:14+00:00,2026-09-09T19:00,진주시,35.2,128.125,20.8,74,21.2,0.0,0.0,0.0,0.0,0,18,12.0,39,47.5
2026-09-09T10:14:14+00:00,2026-09-09T19:00,대구광역시,35.85,128.625,20.4,65,20.4,0.0,0.0,0.0,0.0,1,23,7.6,59,38.2
2026-09-09T11:13:00+00:00,2026-09-09T20:00,진주시,35.2,128.125,19.8,75,20.0,0.0,0.0,0.0,0.0,1,25,10.5,27,44.3
2026-09-09T11:13:00+00:00,2026-09-09T20:00,대구광역시,35.85,128.625,19.7,66,19.9,0.0,0.0,0.0,0.0,1,20,5.4,42,33.1
2026-09-09T12:17:22+00:00,2026-09-09T21:15,진주시,35.2,128.125,19.0,76,19.2,0.0,0.0,0.0,0.0,0,14,9.7,22,38.5
2026-09-09T12:17:23+00:00,2026-09-09T21:15,대구광역시,35.85,128.625,19.1,69,19.7,0.0,0.0,0.0,0.0,0,7,3.1,36,28.4
2026-09-09T13:14:27+00:00,2026-09-09T22:00,진주시,35.2,128.125,18.3,77,18.4,0.0,0.0,0.0,0.0,0,5,8.9,14,36.0
2026-09-09T13:14:28+00:00,2026-09-09T22:00,대구광역시,35.85,128.625,18.6,70,19.1,0.0,0.0,0.0,0.0,0,12,2.9,300,22.3
2026-09-09T14:13:49+00:00,2026-09-09T23:00,진주시,35.2,128.125,17.8,79,17.8,0.0,0.0,0.0,0.0,0,8,8.8,9,29.5
2026-09-09T14:13:49+00:00,2026-09-09T23:00,대구광역시,35.85,128.625,18.2,70,18.6,0.0,0.0,0.0,0.0,0,14,2.9,270,19.1
2026-09-09T15:13:33+00:00,2026-09-10T00:00,진주시,35.2,128.125,17.3,80,17.4,0.0,0.0,0.0,0.0,0,11,8.4,7,25.9
2026-09-09T15:13:33+00:00,2026-09-10T00:00,대구광역시,35.85,128.625,17.7,72,18.1,0.0,0.0,0.0,0.0,0,17,3.2,270,13.3
2026-09-09T16:14:31+00:00,2026-09-10T01:00,진주시,35.2,128.125,17.0,81,16.9,0.0,0.0,0.0,0.0,0,12,9.0,5,25.6
2026-09-09T16:14:32+00:00,2026-09-10T01:00,대구광역시,35.85,128.625,17.3,75,17.6,0.0,0.0,0.0,0.0,1,20,4.0,260,9.0
2026-09-09T17:12:23+00:00,2026-09-10T02:00,진주시,35.2,128.125,16.6,81,16.3,0.0,0.0,0.0,0.0,0,13,9.4,360,24.8
2026-09-09T17:12:23+00:00,2026-09-10T02:00,대구광역시,35.85,128.625,16.8,76,17.0,0.0,0.0,0.0,0.0,1,26,4.0,243,7.9
2026-09-09T18:16:17+00:00,2026-09-10T03:15,진주시,35.2,128.125,16.3,82,16.0,0.0,0.0,0.0,0.0,1,24,9.4,2,23.8
2026-09-09T18:16:17+00:00,2026-09-10T03:15,대구광역시,35.85,128.625,16.5,78,16.7,0.0,0.0,0.0,0.0,1,27,4.3,246,8.3
2026-09-09T19:11:53+00:00,2026-09-10T04:00,진주시,35.2,128.125,15.8,83,15.4,0.0,0.0,0.0,0.0,0,19,9.7,358,22.0
2026-09-09T19:11:54+00:00,2026-09-10T04:00,대구광역시,35.85,128.625,15.9,80,16.0,0.0,0.0,0.0,0.0,1,26,4.6,252,12.6
2026-09-09T20:13:37+00:00,2026-09-10T05:00,진주시,35.2,128.125,15.8,83,15.4,0.0,0.0,0.0,0.0,1,22,9.0,2,21.6
2026-09-09T20:13:38+00:00,2026-09-10T05:00,대구광역시,35.85,128.625,15.7,81,15.7,0.0,0.0,0.0,0.0,1,31,4.7,247,14.0
2026-09-09T21:11:50+00:00,2026-09-10T06:00,진주시,35.2,128.125,15.7,84,15.5,0.0,0.0,0.0,0.0,1,22,8.3,5,22.7
2026-09-09T21:11:50+00:00,2026-09-10T06:00,대구광역시,35.85,128.625,15.7,81,15.8,0.0,0.0,0.0,0.0,1,33,4.5,241,13.3
2026-09-09T22:12:19+00:00,2026-09-10T07:00,진주시,35.2,128.125,16.2,84,16.1,0.0,0.0,0.0,0.0,0,17,8.6,360,23.4
2026-09-09T22:12:19+00:00,2026-09-10T07:00,대구광역시,35.85,128.625,16.1,81,16.3,0.0,0.0,0.0,0.0,1,29,4.2,250,11.5
2026-09-09T23:12:02+00:00,2026-09-10T08:00,진주시,35.2,128.125,18.0,79,17.8,0.0,0.0,0.0,0.0,0,17,10.9,8,29.9
2026-09-09T23:12:03+00:00,2026-09-10T08:00,대구광역시,35.85,128.625,17.4,76,18.0,0.0,0.0,0.0,0.0,1,32,2.5,278,20.5
2026-09-10T00:17:53+00:00,2026-09-10T09:15,진주시,35.2,128.125,20.8,72,20.9,0.0,0.0,0.0,0.0,0,14,12.1,27,37.4
2026-09-10T00:17:54+00:00,2026-09-10T09:15,대구광역시,35.85,128.625,19.9,70,20.8,0.0,0.0,0.0,0.0,1,27,2.9,60,38.5
2026-09-10T01:12:33+00:00,2026-09-10T10:00,진주시,35.2,128.125,21.6,70,21.9,0.0,0.0,0.0,0.0,0,18,12.4,26,38.5
2026-09-10T01:12:33+00:00,2026-09-10T10:00,대구광역시,35.85,128.625,21.6,65,22.0,0.0,0.0,0.0,0.0,1,23,8.0,63,42.1
2026-09-10T02:13:29+00:00,2026-09-10T11:00,진주시,35.2,128.125,22.9,68,23.9,0.0,0.0,0.0,0.0,1,21,12.7,35,38.5
2026-09-10T02:13:30+00:00,2026-09-10T11:00,대구광역시,35.85,128.625,22.8,59,22.7,0.0,0.0,0.0,0.0,1,27,10.4,70,42.8
2026-09-10T03:13:29+00:00,2026-09-10T12:00,진주시,35.2,128.125,23.8,67,25.2,0.0,0.0,0.0,0.0,1,25,12.5,41,36.7
2026-09-10T03:13:30+00:00,2026-09-10T12:00,대구광역시,35.85,128.625,23.4,57,23.4,0.0,0.0,0.0,0.0,1,29,10.5,74,42.1
2026-09-10T04:13:20+00:00,2026-09-10T13:00,진주시,35.2,128.125,24.3,65,25.6,0.0,0.0,0.0,0.0,1,29,11.7,47,34.6
2026-09-10T04:13:21+00:00,2026-09-10T13:00,대구광역시,35.85,128.625,23.7,56,23.7,0.0,0.0,0.0,0.0,1,31,9.9,71,40.0
2026-09-10T05:12:20+00:00,2026-09-10T14:00,진주시,35.2,128.125,24.3,65,25.1,0.0,0.0,0.0,0.0,1,38,12.0,39,33.1
2026-09-10T05:12:20+00:00,2026-09-10T14:00,대구광역시,35.85,128.625,23.5,57,23.6,0.0,0.0,0.0,0.0,1,35,9.6,70,37.8
2026-09-10T06:18:12+00:00,2026-09-10T15:15,진주시,35.2,128.125,24.1,64,25.0,0.0,0.0,0.0,0.0,2,50,10.5,38,30.6
2026-09-10T06:18:12+00:00,2026-09-10T15:15,대구광역시,35.85,128.625,23.4,57,23.5,0.0,0.0,0.0,0.0,1,45,8.8,71,35.3
2026-09-10T07:14:43+00:00,2026-09-10T16:00,진주시,35.2,128.125,24.0,64,25.1,0.0,0.0,0.0,0.0,1,48,9.2,26,28.4
2026-09-10T07:14:44+00:00,2026-09-10T16:00,대구광역시,35.85,128.625,23.1,59,23.4,0.0,0.0,0.0,0.0,1,45,8.1,69,34.6
2026-09-10T08:14:42+00:00,2026-09-10T17:00,진주시,35.2,128.125,23.3,69,24.7,0.0,0.0,0.0,0.0,1,48,8.3,18,33.8
2026-09-10T08:14:43+00:00,2026-09-10T17:00,대구광역시,35.85,128.625,22.5,61,23.0,0.0,0.0,0.0,0.0,2,76,7.0,69,32.0
2026-09-10T09:13:50+00:00,2026-09-10T18:00,진주시,35.2,128.125,22.0,75,23.4,0.0,0.0,0.0,0.0,1,42,8.5,12,37.1
2026-09-10T09:13:51+00:00,2026-09-10T18:00,대구광역시,35.85,128.625,21.6,66,22.5,0.0,0.0,0.0,0.0,2,58,5.4,82,30.6
2026-09-10T10:13:59+00:00,2026-09-10T19:00,진주시,35.2,128.125,20.9,78,22.4,0.0,0.0,0.0,0.0,1,37,7.1,24,36.7
2026-09-10T10:14:00+00:00,2026-09-10T19:00,대구광역시,35.85,128.625,20.8,70,22.1,0.0,0.0,0.0,0.0,2,52,2.9,60,30.2
2026-09-10T11:12:59+00:00,2026-09-10T20:00,진주시,35.2,128.125,20.2,79,21.4,0.0,0.0,0.0,0.0,1,46,7.3,20,28.4
2026-09-10T11:12:59+00:00,2026-09-10T20:00,대구광역시,35.85,128.625,20.4,71,21.9,0.0,0.0,0.0,0.0,2,50,1.0,315,27.7
2026-09-10T12:17:34+00:00,2026-09-10T21:15,진주시,35.2,128.125,19.6,81,21.0,0.0,0.0,0.0,0.0,2,65,5.0,30,27.4
2026-09-10T12:17:34+00:00,2026-09-10T21:15,대구광역시,35.85,128.625,20.1,71,21.5,0.0,0.0,0.0,0.0,2,69,1.0,135,22.7
2026-09-10T13:13:26+00:00,2026-09-10T22:00,진주시,35.2,128.125,19.2,82,20.4,0.0,0.0,0.0,0.0,3,91,5.8,360,25.2
2026-09-10T13:13:26+00:00,2026-09-10T22:00,대구광역시,35.85,128.625,19.5,74,20.8,0.0,0.0,0.0,0.0,3,85,1.8,259,21.6
2026-09-10T14:12:45+00:00,2026-09-10T23:00,진주시,35.2,128.125,18.8,83,20.0,0.0,0.0,0.0,0.0,2,63,5.8,356,19.1
2026-09-10T14:12:45+00:00,2026-09-10T23:00,대구광역시,35.85,128.625,19.2,75,20.3,0.0,0.0,0.0,0.0,2,70,2.9,263,15.1
2026-09-10T15:13:12+00:00,2026-09-11T00:00,진주시,35.2,128.125,18.5,84,19.4,0.0,0.0,0.0,0.0,2,61,7.6,360,18.0
2026-09-10T15:13:12+00:00,2026-09-11T00:00,대구광역시,35.85,128.625,18.9,77,19.9,0.0,0.0,0.0,0.0,2,53,3.7,241,11.9
2026-09-10T16:13:17+00:00,2026-09-11T01:00,진주시,35.2,128.125,18.3,85,19.3,0.0,0.0,0.0,0.0,2,72,6.5,3,15.1
2026-09-10T16:13:18+00:00,2026-09-11T01:00,대구광역시,35.85,128.625,18.5,79,19.4,0.0,0.0,0.0,0.0,3,93,4.7,266,8.6
2026-09-10T17:12:23+00:00,2026-09-11T02:00,진주시,35.2,128.125,18.3,85,19.4,0.0,0.0,0.0,0.0,2,79,5.8,356,14.8
2026-09-10T17:12:23+00:00,2026-09-11T02:00,대구광역시,35.85,128.625,17.8,85,18.8,0.0,0.0,0.0,0.0,1,34,4.7,266,5.8
2026-09-10T18:15:22+00:00,2026-09-11T03:15,진주시,35.2,128.125,18.0,85,18.9,0.0,0.0,0.0,0.0,2,74,6.9,6,15.8
2026-09-10T18:15:22+00:00,2026-09-11T03:15,대구광역시,35.85,128.625,17.6,85,18.7,0.0,0.0,0.0,0.0,1,34,4.3,246,9.0
2026-09-10T19:10:53+00:00,2026-09-11T04:00,진주시,35.2,128.125,17.7,88,18.7,0.0,0.0,0.0,0.0,2,68,6.6,13,18.0
2026-09-10T19:10:54+00:00,2026-09-11T04:00,대구광역시,35.85,128.625,17.1,90,18.4,0.0,0.0,0.0,0.0,1,28,3.8,253,7.6
2026-09-10T20:12:37+00:00,2026-09-11T05:00,진주시,35.2,128.125,17.5,89,18.8,0.0,0.0,0.0,0.0,2,61,4.7,9,16.9
2026-09-10T20:12:37+00:00,2026-09-11T05:00,대구광역시,35.85,128.625,16.9,90,18.0,0.0,0.0,0.0,0.0,0,13,4.0,243,5.4
2026-09-10T21:11:51+00:00,2026-09-11T06:00,진주시,35.2,128.125,17.4,89,18.5,0.0,0.0,0.0,0.0,2,62,5.1,8,16.2
2026-09-10T21:11:51+00:00,2026-09-11T06:00,대구광역시,35.85,128.625,16.6,91,17.6,0.0,0.0,0.0,0.0,0,5,4.4,235,5.0
2026-09-10T22:12:02+00:00,2026-09-11T07:00,진주시,35.2,128.125,17.5,88,18.7,0.0,0.0,0.0,0.0,2,52,5.1,8,16.2
2026-09-10T22:12:02+00:00,2026-09-11T07:00,대구광역시,35.85,128.625,16.8,90,17.9,0.0,0.0,0.0,0.0,0,5,4.2,250,6.1
2026-09-10T23:10:54+00:00,2026-09-11T08:00,진주시,35.2,128.125,18.8,85,19.9,0.0,0.0,0.0,0.0,1,48,7.0,12,21.6
2026-09-10T23:10:55+00:00,2026-09-11T08:00,대구광역시,35.85,128.625,18.5,86,19.9,0.0,0.0,0.0,0.0,0,2,4.3,265,9.7
2026-09-11T00:19:22+00:00,2026-09-11T09:15,진주시,35.2,128.125,21.0,80,22.5,0.0,0.0,0.0,0.0,1,44,8.1,21,27.0
2026-09-11T00:19:22+00:00,2026-09-11T09:15,대구광역시,35.85,128.625,20.8,77,22.6,0.0,0.0,0.0,0.0,0,12,3.5,294,15.1
2026-09-11T01:11:40+00:00,2026-09-11T10:00,진주시,35.2,128.125,23.2,74,25.4,0.0,0.0,0.0,0.0,0,7,8.3,18,27.4
2026-09-11T01:11:40+00:00,2026-09-11T10:00,대구광역시,35.85,128.625,22.4,70,24.6,0.0,0.0,0.0,0.0,1,22,3.1,306,19.8
2026-09-11T02:13:28+00:00,2026-09-11T11:00,진주시,35.2,128.125,25.0,67,28.0,0.0,0.0,0.0,0.0,0,1,9.2,31,27.0
2026-09-11T02:13:29+00:00,2026-09-11T11:00,대구광역시,35.85,128.625,24.0,65,26.9,0.0,0.0,0.0,0.0,1,21,2.2,9,19.8
2026-09-11T03:13:18+00:00,2026-09-11T12:00,진주시,35.2,128.125,26.1,62,29.5,0.0,0.0,0.0,0.0,0,5,8.7,45,26.3
2026-09-11T03:13:19+00:00,2026-09-11T12:00,대구광역시,35.85,128.625,25.1,63,28.1,0.0,0.0,0.0,0.0,1,28,5.2,74,19.1
2026-09-11T04:13:56+00:00,2026-09-11T13:00,진주시,35.2,128.125,26.8,60,30.5,0.0,0.0,0.0,0.0,0,7,7.2,63,23.4
2026-09-11T04:13:57+00:00,2026-09-11T13:00,대구광역시,35.85,128.625,26.0,60,28.7,0.0,0.0,0.0,0.0,1,21,6.5,84,18.0
2026-09-11T05:12:19+00:00,2026-09-11T14:00,진주시,35.2,128.125,27.0,59,30.4,0.0,0.0,0.0,0.0,0,7,6.1,62,20.9
2026-09-11T05:12:19+00:00,2026-09-11T14:00,대구광역시,35.85,128.625,26.4,58,28.5,0.0,0.0,0.0,0.0,1,24,6.5,84,18.4
2026-09-11T06:16:53+00:00,2026-09-11T15:15,진주시,35.2,128.125,27.2,57,29.5,0.0,0.0,0.0,0.0,0,10,5.4,37,19.1
2026-09-11T06:16:53+00:00,2026-09-11T15:15,대구광역시,35.85,128.625,26.5,57,28.0,0.0,0.0,0.0,0.0,1,39,7.2,90,15.8
2026-09-11T07:13:57+00:00,2026-09-11T16:00,진주시,35.2,128.125,27.0,58,29.1,0.0,0.0,0.0,0.0,0,10,5.6,50,21.6
2026-09-11T07:13:58+00:00,2026-09-11T16:00,대구광역시,35.85,128.625,26.7,54,28.1,0.0,0.0,0.0,0.0,1,23,6.1,87,18.7
2026-09-11T08:14:45+00:00,2026-09-11T17:00,진주시,35.2,128.125,26.6,60,28.9,0.0,0.0,0.0,0.0,0,7,4.5,29,21.6
2026-09-11T08:14:46+00:00,2026-09-11T17:00,대구광역시,35.85,128.625,26.1,57,27.5,0.0,0.0,0.0,0.0,1,33,6.6,81,15.8
2026-09-11T09:13:22+00:00,2026-09-11T18:00,진주시,35.2,128.125,25.1,74,28.6,0.0,0.0,0.0,0.0,1,24,2.7,23,19.4
2026-09-11T09:13:23+00:00,2026-09-11T18:00,대구광역시,35.85,128.625,24.3,69,26.2,0.0,0.0,0.0,0.0,1,34,8.1,77,23.4
2026-09-11T10:13:51+00:00,2026-09-11T19:00,진주시,35.2,128.125,23.6,88,27.7,0.0,0.0,0.0,0.0,1,39,3.8,41,26.3
2026-09-11T10:13:51+00:00,2026-09-11T19:00,대구광역시,35.85,128.625,22.8,76,24.9,0.0,0.0,0.0,0.0,1,28,6.2,80,25.2
2026-09-11T11:13:07+00:00,2026-09-11T20:00,진주시,35.2,128.125,22.2,88,25.7,0.0,0.0,0.0,0.0,1,30,3.6,143,24.5
2026-09-11T11:13:07+00:00,2026-09-11T20:00,대구광역시,35.85,128.625,21.7,79,23.7,0.0,0.0,0.0,0.0,1,29,6.1,87,27.4
